sigla,sheet,v1,v5,acrescentado
CMDE,DiscreteSignals,PROPRIEDADE DO COMANDO,PROPRIEDADE DO COMANDO — PROPRIEDADE/POSSE DO COMANDO (CONTROLE SCADA),PROPRIEDADE/POSSE DO COMANDO (CONTROLE SCADA)
CCIC,DiscreteSignals,CHAVE DE COMANDO ICCP,"CHAVE DE COMANDO ICCP — CHAVE DE COMANDO ICCP (TELECONTROLE), SELEÇÃO DE QUEM DETÉM O CONTROLE DOS EQUIPAMENTOS","CHAVE DE COMANDO ICCP (TELECONTROLE), SELEÇÃO DE QUEM DETÉM O CONTROLE DOS EQUIPAMENTOS"
20A,DiscreteSignals,20 - ALARME VALVULA,20 - ALARME VALVULA — ANSI 20 VÁLVULA OPERADA ELETRICAMENTE (SOLENOIDE),ANSI 20 VÁLVULA OPERADA ELETRICAMENTE (SOLENOIDE)
20CA,DiscreteSignals,20 - ALARME VALVULA CDC,20 - ALARME VALVULA CDC           — ANSI 20 VÁLVULA OPERADA ELETRICAMENTE (SOLENOIDE),ANSI 20 VÁLVULA OPERADA ELETRICAMENTE (SOLENOIDE)
20TA,DiscreteSignals,20 - ALARME VALVULA TRAFO,20 - ALARME VALVULA TRAFO — ANSI 20 VÁLVULA OPERADA ELETRICAMENTE (SOLENOIDE),ANSI 20 VÁLVULA OPERADA ELETRICAMENTE (SOLENOIDE)
20T,DiscreteSignals,20 - VALVULA TRANSFORMADOR,20 - VALVULA TRANSFORMADOR — ANSI 20 VÁLVULA OPERADA ELETRICAMENTE (SOLENOIDE),ANSI 20 VÁLVULA OPERADA ELETRICAMENTE (SOLENOIDE)
20C,DiscreteSignals,20 - VALVULA COMUTADOR,20 - VALVULA COMUTADOR — ANSI 20 VÁLVULA OPERADA ELETRICAMENTE (SOLENOIDE),ANSI 20 VÁLVULA OPERADA ELETRICAMENTE (SOLENOIDE)
20D,DiscreteSignals,20 - TRIP VALVULA,20 - TRIP VALVULA — ANSI 20 VÁLVULA OPERADA ELETRICAMENTE (SOLENOIDE),ANSI 20 VÁLVULA OPERADA ELETRICAMENTE (SOLENOIDE)
20CD,DiscreteSignals,20 - TRIP VALVULA CDC,20 - TRIP VALVULA CDC — ANSI 20 VÁLVULA OPERADA ELETRICAMENTE (SOLENOIDE),ANSI 20 VÁLVULA OPERADA ELETRICAMENTE (SOLENOIDE)
20TD,DiscreteSignals,20 - TRIP VALVULA TRAFO,20 - TRIP VALVULA TRAFO  — ANSI 20 VÁLVULA OPERADA ELETRICAMENTE (SOLENOIDE),ANSI 20 VÁLVULA OPERADA ELETRICAMENTE (SOLENOIDE)
20T1,DiscreteSignals,20 - TRIP VALVULA TRAFO E1,20 - TRIP VALVULA TRAFO E1 — ANSI 20 VÁLVULA OPERADA ELETRICAMENTE (SOLENOIDE),ANSI 20 VÁLVULA OPERADA ELETRICAMENTE (SOLENOIDE)
20T2,DiscreteSignals,20 - TRIP VALVULA TRAFO E2,20 - TRIP VALVULA TRAFO E2 — ANSI 20 VÁLVULA OPERADA ELETRICAMENTE (SOLENOIDE),ANSI 20 VÁLVULA OPERADA ELETRICAMENTE (SOLENOIDE)
20TC,DiscreteSignals,20 - TRIP VALVULA TRAFO OU CDC,20 - TRIP VALVULA TRAFO OU CDC — ANSI 20 VÁLVULA OPERADA ELETRICAMENTE (SOLENOIDE),ANSI 20 VÁLVULA OPERADA ELETRICAMENTE (SOLENOIDE)
INTR,DiscreteSignals,20 63 87 - PROTECOES INTRINSECAS,20 63 87 - PROTECOES INTRINSECAS — ANSI 20 VÁLVULA OPERADA ELETRICAMENTE (SOLENOIDE); ANSI 63 RELÉ/CHAVE DE PRESSÃO (BUCHHOLZ / SÚBITA PRESSÃO); ANSI 87 RELÉ DE PROTEÇÃO DIFERENCIAL,ANSI 20 VÁLVULA OPERADA ELETRICAMENTE (SOLENOIDE); ANSI 63 RELÉ/CHAVE DE PRESSÃO (BUCHHOLZ / SÚBITA PRESSÃO); ANSI 87 RELÉ DE PROTEÇÃO DIFERENCIAL
2087T,DiscreteSignals,20 87 - TRIP VALVULA OU DIFERENCIAL TRAFO,20 87 - TRIP VALVULA OU DIFERENCIAL TRAFO — ANSI 20 VÁLVULA OPERADA ELETRICAMENTE (SOLENOIDE); ANSI 87 RELÉ DE PROTEÇÃO DIFERENCIAL,ANSI 20 VÁLVULA OPERADA ELETRICAMENTE (SOLENOIDE); ANSI 87 RELÉ DE PROTEÇÃO DIFERENCIAL
263A,DiscreteSignals,20C 20T 63T - ALARME VALVULA OU BUCHHOLZ,20C 20T 63T - ALARME VALVULA OU BUCHHOLZ — ANSI 20 VÁLVULA OPERADA ELETRICAMENTE (SOLENOIDE); ANSI 63 RELÉ/CHAVE DE PRESSÃO (BUCHHOLZ / SÚBITA PRESSÃO),ANSI 20 VÁLVULA OPERADA ELETRICAMENTE (SOLENOIDE); ANSI 63 RELÉ/CHAVE DE PRESSÃO (BUCHHOLZ / SÚBITA PRESSÃO)
2063,DiscreteSignals,20C 20T 63T - TRIP VALVULA OU BUCHHOLZ,20C 20T 63T - TRIP VALVULA OU BUCHHOLZ — ANSI 20 VÁLVULA OPERADA ELETRICAMENTE (SOLENOIDE); ANSI 63 RELÉ/CHAVE DE PRESSÃO (BUCHHOLZ / SÚBITA PRESSÃO),ANSI 20 VÁLVULA OPERADA ELETRICAMENTE (SOLENOIDE); ANSI 63 RELÉ/CHAVE DE PRESSÃO (BUCHHOLZ / SÚBITA PRESSÃO)
206T,DiscreteSignals,20T 63T - TRIP VALVULA OU BUCHHOLZ  TRAFO,20T 63T - TRIP VALVULA OU BUCHHOLZ  TRAFO — ANSI 20 VÁLVULA OPERADA ELETRICAMENTE (SOLENOIDE); ANSI 63 RELÉ/CHAVE DE PRESSÃO (BUCHHOLZ / SÚBITA PRESSÃO),ANSI 20 VÁLVULA OPERADA ELETRICAMENTE (SOLENOIDE); ANSI 63 RELÉ/CHAVE DE PRESSÃO (BUCHHOLZ / SÚBITA PRESSÃO)
21D,DiscreteSignals,21 - DISPARO LOCALIZADOR DE FALTA,21 - DISPARO LOCALIZADOR DE FALTA  — ANSI 21 RELÉ DE DISTÂNCIA (IMPEDÂNCIA),ANSI 21 RELÉ DE DISTÂNCIA (IMPEDÂNCIA)
21,DiscreteSignals,21 - FUNCAO DISTANCIA,21 - FUNCAO DISTANCIA — ANSI 21 RELÉ DE DISTÂNCIA (IMPEDÂNCIA),ANSI 21 RELÉ DE DISTÂNCIA (IMPEDÂNCIA)
21,DiscreteSignals,21 - FUNCAO DISTANCIA,21 - FUNCAO DISTANCIA — ANSI 21 RELÉ DE DISTÂNCIA (IMPEDÂNCIA),ANSI 21 RELÉ DE DISTÂNCIA (IMPEDÂNCIA)
21_T,DiscreteSignals,21 - TRIP DISTANCIA,21 - TRIP DISTANCIA — ANSI 21 RELÉ DE DISTÂNCIA (IMPEDÂNCIA),ANSI 21 RELÉ DE DISTÂNCIA (IMPEDÂNCIA)
21EF,DiscreteSignals,21 - TRIP DISTANCIA ESTENDIDA FASES,21 - TRIP DISTANCIA ESTENDIDA FASES  — ANSI 21 RELÉ DE DISTÂNCIA (IMPEDÂNCIA),ANSI 21 RELÉ DE DISTÂNCIA (IMPEDÂNCIA)
21EM,DiscreteSignals,21 - TRIP DISTANCIA ESTENDIDA MONOFASICA,21 - TRIP DISTANCIA ESTENDIDA MONOFASICA  — ANSI 21 RELÉ DE DISTÂNCIA (IMPEDÂNCIA),ANSI 21 RELÉ DE DISTÂNCIA (IMPEDÂNCIA)
21FA,DiscreteSignals,21 - TRIP DISTANCIA FASE A,21 - TRIP DISTANCIA FASE A — ANSI 21 RELÉ DE DISTÂNCIA (IMPEDÂNCIA),ANSI 21 RELÉ DE DISTÂNCIA (IMPEDÂNCIA)
21FB,DiscreteSignals,21 - TRIP DISTANCIA FASE B,21 - TRIP DISTANCIA FASE B — ANSI 21 RELÉ DE DISTÂNCIA (IMPEDÂNCIA),ANSI 21 RELÉ DE DISTÂNCIA (IMPEDÂNCIA)
21FC,DiscreteSignals,21 - TRIP DISTANCIA FASE C,21 - TRIP DISTANCIA FASE C — ANSI 21 RELÉ DE DISTÂNCIA (IMPEDÂNCIA),ANSI 21 RELÉ DE DISTÂNCIA (IMPEDÂNCIA)
21MO,DiscreteSignals,21 - TRIP DISTANCIA MONOFASICO,21 - TRIP DISTANCIA MONOFASICO — ANSI 21 RELÉ DE DISTÂNCIA (IMPEDÂNCIA),ANSI 21 RELÉ DE DISTÂNCIA (IMPEDÂNCIA)
21MF,DiscreteSignals,21 - TRIP DISTANCIA MULTI FASES,21 - TRIP DISTANCIA MULTI FASES — ANSI 21 RELÉ DE DISTÂNCIA (IMPEDÂNCIA),ANSI 21 RELÉ DE DISTÂNCIA (IMPEDÂNCIA)
21N,DiscreteSignals,21 - TRIP DISTANCIA NEUTRO,21 - TRIP DISTANCIA NEUTRO — ANSI 21 RELÉ DE DISTÂNCIA (IMPEDÂNCIA),ANSI 21 RELÉ DE DISTÂNCIA (IMPEDÂNCIA)
21F1,DiscreteSignals,21 - TRIP FASE ZONA 1,21 - TRIP FASE ZONA 1 — ANSI 21 RELÉ DE DISTÂNCIA (IMPEDÂNCIA),ANSI 21 RELÉ DE DISTÂNCIA (IMPEDÂNCIA)
21F2,DiscreteSignals,21 - TRIP FASE ZONA 2,21 - TRIP FASE ZONA 2 — ANSI 21 RELÉ DE DISTÂNCIA (IMPEDÂNCIA),ANSI 21 RELÉ DE DISTÂNCIA (IMPEDÂNCIA)
21F3,DiscreteSignals,21 - TRIP FASE ZONA 3,21 - TRIP FASE ZONA 3 — ANSI 21 RELÉ DE DISTÂNCIA (IMPEDÂNCIA),ANSI 21 RELÉ DE DISTÂNCIA (IMPEDÂNCIA)
21F4,DiscreteSignals,21 - TRIP FASE ZONA 4,21 - TRIP FASE ZONA 4 — ANSI 21 RELÉ DE DISTÂNCIA (IMPEDÂNCIA),ANSI 21 RELÉ DE DISTÂNCIA (IMPEDÂNCIA)
21N1,DiscreteSignals,21 - TRIP NEUTRO ZONA 1,21 - TRIP NEUTRO ZONA 1 — ANSI 21 RELÉ DE DISTÂNCIA (IMPEDÂNCIA),ANSI 21 RELÉ DE DISTÂNCIA (IMPEDÂNCIA)
21N2,DiscreteSignals,21 - TRIP NEUTRO ZONA 2,21 - TRIP NEUTRO ZONA 2 — ANSI 21 RELÉ DE DISTÂNCIA (IMPEDÂNCIA),ANSI 21 RELÉ DE DISTÂNCIA (IMPEDÂNCIA)
21N3,DiscreteSignals,21 - TRIP NEUTRO ZONA 3,21 - TRIP NEUTRO ZONA 3 — ANSI 21 RELÉ DE DISTÂNCIA (IMPEDÂNCIA),ANSI 21 RELÉ DE DISTÂNCIA (IMPEDÂNCIA)
21N4,DiscreteSignals,21 - TRIP NEUTRO ZONA 4,21 - TRIP NEUTRO ZONA 4 — ANSI 21 RELÉ DE DISTÂNCIA (IMPEDÂNCIA),ANSI 21 RELÉ DE DISTÂNCIA (IMPEDÂNCIA)
21Z1,DiscreteSignals,21 - TRIP ZONA 1,21 - TRIP ZONA 1 — ANSI 21 RELÉ DE DISTÂNCIA (IMPEDÂNCIA),ANSI 21 RELÉ DE DISTÂNCIA (IMPEDÂNCIA)
21Z2,DiscreteSignals,21 - TRIP ZONA 2,21 - TRIP ZONA 2 — ANSI 21 RELÉ DE DISTÂNCIA (IMPEDÂNCIA),ANSI 21 RELÉ DE DISTÂNCIA (IMPEDÂNCIA)
21Z3,DiscreteSignals,21 - TRIP ZONA 3,21 - TRIP ZONA 3 — ANSI 21 RELÉ DE DISTÂNCIA (IMPEDÂNCIA),ANSI 21 RELÉ DE DISTÂNCIA (IMPEDÂNCIA)
21Z4,DiscreteSignals,21 - TRIP ZONA 4,21 - TRIP ZONA 4 — ANSI 21 RELÉ DE DISTÂNCIA (IMPEDÂNCIA),ANSI 21 RELÉ DE DISTÂNCIA (IMPEDÂNCIA)
21Z5,DiscreteSignals,21 - TRIP ZONA 5,21 - TRIP ZONA 5 — ANSI 21 RELÉ DE DISTÂNCIA (IMPEDÂNCIA),ANSI 21 RELÉ DE DISTÂNCIA (IMPEDÂNCIA)
24I,DiscreteSignals,24 - INSTANTANEA SOBREEXCITACAO (VOLTS HERTZ),24 - INSTANTANEA SOBREEXCITACAO (VOLTS HERTZ) — ANSI 24 RELÉ VOLTS/HERTZ (PROTEÇÃO CONTRA SOBREEXCITAÇÃO / FLUXO MAGNÉTICO),ANSI 24 RELÉ VOLTS/HERTZ (PROTEÇÃO CONTRA SOBREEXCITAÇÃO / FLUXO MAGNÉTICO)
24I1,DiscreteSignals,24 - INSTANTANEA SOBREEXCITACAO (VOLTS HERTZ) E1,24 - INSTANTANEA SOBREEXCITACAO (VOLTS HERTZ) E1 — ANSI 24 RELÉ VOLTS/HERTZ (PROTEÇÃO CONTRA SOBREEXCITAÇÃO / FLUXO MAGNÉTICO),ANSI 24 RELÉ VOLTS/HERTZ (PROTEÇÃO CONTRA SOBREEXCITAÇÃO / FLUXO MAGNÉTICO)
24I2,DiscreteSignals,24 - INSTANTANEA SOBREEXCITACAO (VOLTS HERTZ) E2,24 - INSTANTANEA SOBREEXCITACAO (VOLTS HERTZ) E2 — ANSI 24 RELÉ VOLTS/HERTZ (PROTEÇÃO CONTRA SOBREEXCITAÇÃO / FLUXO MAGNÉTICO),ANSI 24 RELÉ VOLTS/HERTZ (PROTEÇÃO CONTRA SOBREEXCITAÇÃO / FLUXO MAGNÉTICO)
24T,DiscreteSignals,24 - TEMPORIZADA SOBREEXCITACAO (VOLTS HERTZ),24 - TEMPORIZADA SOBREEXCITACAO (VOLTS HERTZ) — ANSI 24 RELÉ VOLTS/HERTZ (PROTEÇÃO CONTRA SOBREEXCITAÇÃO / FLUXO MAGNÉTICO),ANSI 24 RELÉ VOLTS/HERTZ (PROTEÇÃO CONTRA SOBREEXCITAÇÃO / FLUXO MAGNÉTICO)
24T1,DiscreteSignals,24 - TEMPORIZADA SOBREEXCITACAO (VOLTS HERTZ) E1,24 - TEMPORIZADA SOBREEXCITACAO (VOLTS HERTZ) E1 — ANSI 24 RELÉ VOLTS/HERTZ (PROTEÇÃO CONTRA SOBREEXCITAÇÃO / FLUXO MAGNÉTICO),ANSI 24 RELÉ VOLTS/HERTZ (PROTEÇÃO CONTRA SOBREEXCITAÇÃO / FLUXO MAGNÉTICO)
24T2,DiscreteSignals,24 - TEMPORIZADA SOBREEXCITACAO (VOLTS HERTZ) E2,24 - TEMPORIZADA SOBREEXCITACAO (VOLTS HERTZ) E2 — ANSI 24 RELÉ VOLTS/HERTZ (PROTEÇÃO CONTRA SOBREEXCITAÇÃO / FLUXO MAGNÉTICO),ANSI 24 RELÉ VOLTS/HERTZ (PROTEÇÃO CONTRA SOBREEXCITAÇÃO / FLUXO MAGNÉTICO)
24,DiscreteSignals,24 - TRIP SOBREEXCITACAO (VOLTS HERTZ),24 - TRIP SOBREEXCITACAO (VOLTS HERTZ) — ANSI 24 RELÉ VOLTS/HERTZ (PROTEÇÃO CONTRA SOBREEXCITAÇÃO / FLUXO MAGNÉTICO),ANSI 24 RELÉ VOLTS/HERTZ (PROTEÇÃO CONTRA SOBREEXCITAÇÃO / FLUXO MAGNÉTICO)
25ER,DiscreteSignals,25 - FALHA SINCRONISMO,25 - FALHA SINCRONISMO — ANSI 25 RELÉ DE SINCRONISMO OU VERIFICAÇÃO DE SINCRONISMO,ANSI 25 RELÉ DE SINCRONISMO OU VERIFICAÇÃO DE SINCRONISMO
25CA,DiscreteSignals,25 - FALTA VCA RELE SINCRONISMO,25 - FALTA VCA RELE SINCRONISMO — ANSI 25 RELÉ DE SINCRONISMO OU VERIFICAÇÃO DE SINCRONISMO,ANSI 25 RELÉ DE SINCRONISMO OU VERIFICAÇÃO DE SINCRONISMO
25IE,DiscreteSignals,25 - FUNCAO SINCRONISMO,25 - FUNCAO SINCRONISMO — ANSI 25 RELÉ DE SINCRONISMO OU VERIFICAÇÃO DE SINCRONISMO,ANSI 25 RELÉ DE SINCRONISMO OU VERIFICAÇÃO DE SINCRONISMO
25IE,DiscreteSignals,25 - FUNCAO SINCRONISMO,25 - FUNCAO SINCRONISMO — ANSI 25 RELÉ DE SINCRONISMO OU VERIFICAÇÃO DE SINCRONISMO,ANSI 25 RELÉ DE SINCRONISMO OU VERIFICAÇÃO DE SINCRONISMO
25AM,DiscreteSignals,25 - RELE 25 AUTOMATICO MANUAL,25 - RELE 25 AUTOMATICO MANUAL  — ANSI 25 RELÉ DE SINCRONISMO OU VERIFICAÇÃO DE SINCRONISMO,ANSI 25 RELÉ DE SINCRONISMO OU VERIFICAÇÃO DE SINCRONISMO
25LR,DiscreteSignals,25 - CHAVE LOCAL REMOTO RELE 25,25 - CHAVE LOCAL REMOTO RELE 25  — ANSI 25 RELÉ DE SINCRONISMO OU VERIFICAÇÃO DE SINCRONISMO,ANSI 25 RELÉ DE SINCRONISMO OU VERIFICAÇÃO DE SINCRONISMO
25OK,DiscreteSignals,25 - SINCRONISMO FONTE/CARGA,25 - SINCRONISMO FONTE/CARGA — ANSI 25 RELÉ DE SINCRONISMO OU VERIFICAÇÃO DE SINCRONISMO,ANSI 25 RELÉ DE SINCRONISMO OU VERIFICAÇÃO DE SINCRONISMO
25AT,DiscreteSignals,25 - TRIP DIFERENCA DE ANGULO,25 - TRIP DIFERENCA DE ANGULO — ANSI 25 RELÉ DE SINCRONISMO OU VERIFICAÇÃO DE SINCRONISMO,ANSI 25 RELÉ DE SINCRONISMO OU VERIFICAÇÃO DE SINCRONISMO
25FT,DiscreteSignals,25 - TRIP DIFERENCA FREQUENCIA,25 - TRIP DIFERENCA FREQUENCIA — ANSI 25 RELÉ DE SINCRONISMO OU VERIFICAÇÃO DE SINCRONISMO,ANSI 25 RELÉ DE SINCRONISMO OU VERIFICAÇÃO DE SINCRONISMO
25VT,DiscreteSignals,25 - TRIP DIFERENCA TENSAO,25 - TRIP DIFERENCA TENSAO — ANSI 25 RELÉ DE SINCRONISMO OU VERIFICAÇÃO DE SINCRONISMO,ANSI 25 RELÉ DE SINCRONISMO OU VERIFICAÇÃO DE SINCRONISMO
25_T,DiscreteSignals,25 - TRIP SINCRONISMO,25 - TRIP SINCRONISMO — ANSI 25 RELÉ DE SINCRONISMO OU VERIFICAÇÃO DE SINCRONISMO,ANSI 25 RELÉ DE SINCRONISMO OU VERIFICAÇÃO DE SINCRONISMO
TOA,DiscreteSignals,26 - ALARME TEMPERATURA OLEO,26 - ALARME TEMPERATURA OLEO — ANSI 26 DISPOSITIVO TÉRMICO DE EQUIPAMENTO,ANSI 26 DISPOSITIVO TÉRMICO DE EQUIPAMENTO
TOC,DiscreteSignals,26 - ALARME TEMPERATURA OLEO CDC,26 - ALARME TEMPERATURA OLEO CDC — ANSI 26 DISPOSITIVO TÉRMICO DE EQUIPAMENTO,ANSI 26 DISPOSITIVO TÉRMICO DE EQUIPAMENTO
TOD,DiscreteSignals,26 - TRIP TEMPERATURA OLEO,26 - TRIP TEMPERATURA OLEO — ANSI 26 DISPOSITIVO TÉRMICO DE EQUIPAMENTO,ANSI 26 DISPOSITIVO TÉRMICO DE EQUIPAMENTO
TOEA,DiscreteSignals,26 49 - ALARME TEMPERATURA,26 49 - ALARME TEMPERATURA — ANSI 26 DISPOSITIVO TÉRMICO DE EQUIPAMENTO; ANSI 49 RELÉ TÉRMICO (DE MÁQUINA OU TRANSFORMADOR),ANSI 26 DISPOSITIVO TÉRMICO DE EQUIPAMENTO; ANSI 49 RELÉ TÉRMICO (DE MÁQUINA OU TRANSFORMADOR)
2649,DiscreteSignals,26 49 - FUNCAO TEMPERATURA,26 49 - FUNCAO TEMPERATURA — ANSI 26 DISPOSITIVO TÉRMICO DE EQUIPAMENTO; ANSI 49 RELÉ TÉRMICO (DE MÁQUINA OU TRANSFORMADOR),ANSI 26 DISPOSITIVO TÉRMICO DE EQUIPAMENTO; ANSI 49 RELÉ TÉRMICO (DE MÁQUINA OU TRANSFORMADOR)
2649,DiscreteSignals,26 49 - FUNCAO TEMPERATURA,26 49 - FUNCAO TEMPERATURA — ANSI 26 DISPOSITIVO TÉRMICO DE EQUIPAMENTO; ANSI 49 RELÉ TÉRMICO (DE MÁQUINA OU TRANSFORMADOR),ANSI 26 DISPOSITIVO TÉRMICO DE EQUIPAMENTO; ANSI 49 RELÉ TÉRMICO (DE MÁQUINA OU TRANSFORMADOR)
TOED,DiscreteSignals,26 49 - TRIP TEMPERATURA,26 49 - TRIP TEMPERATURA — ANSI 26 DISPOSITIVO TÉRMICO DE EQUIPAMENTO; ANSI 49 RELÉ TÉRMICO (DE MÁQUINA OU TRANSFORMADOR),ANSI 26 DISPOSITIVO TÉRMICO DE EQUIPAMENTO; ANSI 49 RELÉ TÉRMICO (DE MÁQUINA OU TRANSFORMADOR)
27BL,DiscreteSignals,27 - BLOQUEIO SUBTENSAO,"27 - BLOQUEIO SUBTENSAO — ANSI 27 RELÉ DE SUBTENSÃO, PERDA DE TENSÃO","ANSI 27 RELÉ DE SUBTENSÃO, PERDA DE TENSÃO"
27,DiscreteSignals,27 - FUNCAO SUBTENSAO,"27 - FUNCAO SUBTENSAO — ANSI 27 RELÉ DE SUBTENSÃO, PERDA DE TENSÃO","ANSI 27 RELÉ DE SUBTENSÃO, PERDA DE TENSÃO"
27,DiscreteSignals,27 - FUNCAO SUBTENSAO,"27 - FUNCAO SUBTENSAO — ANSI 27 RELÉ DE SUBTENSÃO, PERDA DE TENSÃO","ANSI 27 RELÉ DE SUBTENSÃO, PERDA DE TENSÃO"
27BR,DiscreteSignals,27 - SUBTENSAO BARRA,"27 - SUBTENSAO BARRA — ANSI 27 RELÉ DE SUBTENSÃO, PERDA DE TENSÃO","ANSI 27 RELÉ DE SUBTENSÃO, PERDA DE TENSÃO"
27CD,DiscreteSignals,27 - BLOQUEIO SUBTENSAO CDC,"27 - BLOQUEIO SUBTENSAO CDC — ANSI 27 RELÉ DE SUBTENSÃO, PERDA DE TENSÃO","ANSI 27 RELÉ DE SUBTENSÃO, PERDA DE TENSÃO"
27E1,DiscreteSignals,27 - SUBTENSAO E1,"27 - SUBTENSAO E1 — ANSI 27 RELÉ DE SUBTENSÃO, PERDA DE TENSÃO","ANSI 27 RELÉ DE SUBTENSÃO, PERDA DE TENSÃO"
27E2,DiscreteSignals,27 - SUBTENSAO E2,"27 - SUBTENSAO E2 — ANSI 27 RELÉ DE SUBTENSÃO, PERDA DE TENSÃO","ANSI 27 RELÉ DE SUBTENSÃO, PERDA DE TENSÃO"
27AB,DiscreteSignals,27 - SUBTENSAO FASE AB,"27 - SUBTENSAO FASE AB — ANSI 27 RELÉ DE SUBTENSÃO, PERDA DE TENSÃO","ANSI 27 RELÉ DE SUBTENSÃO, PERDA DE TENSÃO"
27AC,DiscreteSignals,27 - SUBTENSAO FASE AC,"27 - SUBTENSAO FASE AC — ANSI 27 RELÉ DE SUBTENSÃO, PERDA DE TENSÃO","ANSI 27 RELÉ DE SUBTENSÃO, PERDA DE TENSÃO"
27BC,DiscreteSignals,27 - SUBTENSAO FASE BC,"27 - SUBTENSAO FASE BC — ANSI 27 RELÉ DE SUBTENSÃO, PERDA DE TENSÃO","ANSI 27 RELÉ DE SUBTENSÃO, PERDA DE TENSÃO"
27LT,DiscreteSignals,27 - SUBTENSAO LINHA,"27 - SUBTENSAO LINHA — ANSI 27 RELÉ DE SUBTENSÃO, PERDA DE TENSÃO","ANSI 27 RELÉ DE SUBTENSÃO, PERDA DE TENSÃO"
27TP,DiscreteSignals,27 - SUBTENSAO TP,"27 - SUBTENSAO TP — ANSI 27 RELÉ DE SUBTENSÃO, PERDA DE TENSÃO","ANSI 27 RELÉ DE SUBTENSÃO, PERDA DE TENSÃO"
27CA,DiscreteSignals,27 - SUBTENSAO VCA,"27 - SUBTENSAO VCA — ANSI 27 RELÉ DE SUBTENSÃO, PERDA DE TENSÃO","ANSI 27 RELÉ DE SUBTENSÃO, PERDA DE TENSÃO"
27CC,DiscreteSignals,27 - SUBTENSAO VCC,"27 - SUBTENSAO VCC — ANSI 27 RELÉ DE SUBTENSÃO, PERDA DE TENSÃO","ANSI 27 RELÉ DE SUBTENSÃO, PERDA DE TENSÃO"
27_T,DiscreteSignals,27 - TRIP SUBTENSAO,"27 - TRIP SUBTENSAO — ANSI 27 RELÉ DE SUBTENSÃO, PERDA DE TENSÃO","ANSI 27 RELÉ DE SUBTENSÃO, PERDA DE TENSÃO"
2759,DiscreteSignals,27 59 - SUBTENSAO OU SOBRETENSAO,27 59 - SUBTENSAO OU SOBRETENSAO — ANSI 27 RELÉ DE SUBTENSÃO; ANSI 59 RELÉ DE SOBRETENSÃO,ANSI 27 RELÉ DE SUBTENSÃO; ANSI 59 RELÉ DE SOBRETENSÃO
32,DiscreteSignals,32 - DIRECIONAL DE POTENCIA,32 - DIRECIONAL DE POTENCIA — ANSI 32 RELÉ DIRECIONAL DE POTÊNCIA,ANSI 32 RELÉ DIRECIONAL DE POTÊNCIA
43AM,DiscreteSignals,43 - CHAVE AUTOMATICO MANUAL,43 - CHAVE AUTOMATICO MANUAL — ANSI 43 DISPOSITIVO DE TRANSFERÊNCIA OU SELETOR MANUAL,ANSI 43 DISPOSITIVO DE TRANSFERÊNCIA OU SELETOR MANUAL
43LR,DiscreteSignals,43 - CHAVE LOCAL REMOTO,43 - CHAVE LOCAL REMOTO — ANSI 43 DISPOSITIVO DE TRANSFERÊNCIA OU SELETOR MANUAL,ANSI 43 DISPOSITIVO DE TRANSFERÊNCIA OU SELETOR MANUAL
RLCD,DiscreteSignals,43 - CHAVE LOCAL REMOTO COMUTADOR,43 - CHAVE LOCAL REMOTO COMUTADOR — ANSI 43 DISPOSITIVO DE TRANSFERÊNCIA OU SELETOR MANUAL,ANSI 43 DISPOSITIVO DE TRANSFERÊNCIA OU SELETOR MANUAL
90LR,DiscreteSignals,43 - CHAVE LOCAL REMOTO RELE 90,43 - CHAVE LOCAL REMOTO RELE 90 — ANSI 43 DISPOSITIVO DE TRANSFERÊNCIA OU SELETOR MANUAL,ANSI 43 DISPOSITIVO DE TRANSFERÊNCIA OU SELETOR MANUAL
PLLR,DiscreteSignals,43 - CHAVE LOCAL REMOTO RELE PARALELISMO,43 - CHAVE LOCAL REMOTO RELE PARALELISMO — ANSI 43 DISPOSITIVO DE TRANSFERÊNCIA OU SELETOR MANUAL,ANSI 43 DISPOSITIVO DE TRANSFERÊNCIA OU SELETOR MANUAL
43TR,DiscreteSignals,43 - CHAVE LOCAL REMOTO TRANSFORMADOR,43 - CHAVE LOCAL REMOTO TRANSFORMADOR — ANSI 43 DISPOSITIVO DE TRANSFERÊNCIA OU SELETOR MANUAL,ANSI 43 DISPOSITIVO DE TRANSFERÊNCIA OU SELETOR MANUAL
43VF,DiscreteSignals,43 - CHAVE LOCAL REMOTO VENTILACAO FORCADA,43 - CHAVE LOCAL REMOTO VENTILACAO FORCADA — ANSI 43 DISPOSITIVO DE TRANSFERÊNCIA OU SELETOR MANUAL,ANSI 43 DISPOSITIVO DE TRANSFERÊNCIA OU SELETOR MANUAL
43EP,DiscreteSignals,43 - CHAVE PROTECAO,43 - CHAVE PROTECAO — ANSI 43 DISPOSITIVO DE TRANSFERÊNCIA OU SELETOR MANUAL,ANSI 43 DISPOSITIVO DE TRANSFERÊNCIA OU SELETOR MANUAL
43RT,DiscreteSignals,43 - CHAVE REJEICAO POR TEMPERATURA,43 - CHAVE REJEICAO POR TEMPERATURA — ANSI 43 DISPOSITIVO DE TRANSFERÊNCIA OU SELETOR MANUAL,ANSI 43 DISPOSITIVO DE TRANSFERÊNCIA OU SELETOR MANUAL
43TC,DiscreteSignals,43 - CHAVE TELECOMANDO,43 - CHAVE TELECOMANDO — ANSI 43 DISPOSITIVO DE TRANSFERÊNCIA OU SELETOR MANUAL,ANSI 43 DISPOSITIVO DE TRANSFERÊNCIA OU SELETOR MANUAL
43TP,DiscreteSignals,43 - TRANSFERENCIA DE PROTECAO,43 - TRANSFERENCIA DE PROTECAO — ANSI 43 DISPOSITIVO DE TRANSFERÊNCIA OU SELETOR MANUAL,ANSI 43 DISPOSITIVO DE TRANSFERÊNCIA OU SELETOR MANUAL
46,DiscreteSignals,46 - CORRENTE DE SEQUENCIA NEGATIVA,46 - CORRENTE DE SEQUENCIA NEGATIVA — ANSI 46 RELÉ DE CORRENTE DE SEQUÊNCIA NEGATIVA / DESEQUILÍBRIO DE FASE,ANSI 46 RELÉ DE CORRENTE DE SEQUÊNCIA NEGATIVA / DESEQUILÍBRIO DE FASE
46E1,DiscreteSignals,46 - CORRENTE DE SEQUENCIA NEGATIVA E1,46 - CORRENTE DE SEQUENCIA NEGATIVA E1 — ANSI 46 RELÉ DE CORRENTE DE SEQUÊNCIA NEGATIVA / DESEQUILÍBRIO DE FASE,ANSI 46 RELÉ DE CORRENTE DE SEQUÊNCIA NEGATIVA / DESEQUILÍBRIO DE FASE
TEA,DiscreteSignals,49 - ALARME TEMPERATURA ENROLAMENTO,49 - ALARME TEMPERATURA ENROLAMENTO — ANSI 49 RELÉ TÉRMICO (DE MÁQUINA OU TRANSFORMADOR),ANSI 49 RELÉ TÉRMICO (DE MÁQUINA OU TRANSFORMADOR)
TED,DiscreteSignals,49 - TRIP TEMPERATURA ENROLAMENTO,49 - TRIP TEMPERATURA ENROLAMENTO — ANSI 49 RELÉ TÉRMICO (DE MÁQUINA OU TRANSFORMADOR),ANSI 49 RELÉ TÉRMICO (DE MÁQUINA OU TRANSFORMADOR)
50CD,DiscreteSignals,50 - SOBRECORRENTE CDC,"50 - SOBRECORRENTE CDC — ANSI 50 RELÉ DE SOBRECORRENTE INSTANTÂNEA, PROTEÇÃO INSTANTÂNEA, CURTO-CIRCUITO","ANSI 50 RELÉ DE SOBRECORRENTE INSTANTÂNEA, PROTEÇÃO INSTANTÂNEA, CURTO-CIRCUITO"
50_1,DiscreteSignals,50 - SOBRECORRENTE INSTANTANEA E1,"50 - SOBRECORRENTE INSTANTANEA E1 — ANSI 50 RELÉ DE SOBRECORRENTE INSTANTÂNEA, PROTEÇÃO INSTANTÂNEA, CURTO-CIRCUITO","ANSI 50 RELÉ DE SOBRECORRENTE INSTANTÂNEA, PROTEÇÃO INSTANTÂNEA, CURTO-CIRCUITO"
50_2,DiscreteSignals,50 - SOBRECORRENTE INSTANTANEA E2,"50 - SOBRECORRENTE INSTANTANEA E2 — ANSI 50 RELÉ DE SOBRECORRENTE INSTANTÂNEA, PROTEÇÃO INSTANTÂNEA, CURTO-CIRCUITO","ANSI 50 RELÉ DE SOBRECORRENTE INSTANTÂNEA, PROTEÇÃO INSTANTÂNEA, CURTO-CIRCUITO"
50BF,DiscreteSignals,50 - FALHA DISJUNTOR,"50 - FALHA DISJUNTOR — ANSI 50 RELÉ DE SOBRECORRENTE INSTANTÂNEA, PROTEÇÃO INSTANTÂNEA, CURTO-CIRCUITO","ANSI 50 RELÉ DE SOBRECORRENTE INSTANTÂNEA, PROTEÇÃO INSTANTÂNEA, CURTO-CIRCUITO"
50F,DiscreteSignals,50 - SOBRECORRENTE INSTANTANEA FASE,"50 - SOBRECORRENTE INSTANTANEA FASE — ANSI 50 RELÉ DE SOBRECORRENTE INSTANTÂNEA, PROTEÇÃO INSTANTÂNEA, CURTO-CIRCUITO","ANSI 50 RELÉ DE SOBRECORRENTE INSTANTÂNEA, PROTEÇÃO INSTANTÂNEA, CURTO-CIRCUITO"
50FA,DiscreteSignals,50 - SOBRECORRENTE INSTANTANEA FASE A,"50 - SOBRECORRENTE INSTANTANEA FASE A — ANSI 50 RELÉ DE SOBRECORRENTE INSTANTÂNEA, PROTEÇÃO INSTANTÂNEA, CURTO-CIRCUITO","ANSI 50 RELÉ DE SOBRECORRENTE INSTANTÂNEA, PROTEÇÃO INSTANTÂNEA, CURTO-CIRCUITO"
50FB,DiscreteSignals,50 - SOBRECORRENTE INSTANTANEA FASE B,"50 - SOBRECORRENTE INSTANTANEA FASE B — ANSI 50 RELÉ DE SOBRECORRENTE INSTANTÂNEA, PROTEÇÃO INSTANTÂNEA, CURTO-CIRCUITO","ANSI 50 RELÉ DE SOBRECORRENTE INSTANTÂNEA, PROTEÇÃO INSTANTÂNEA, CURTO-CIRCUITO"
50FC,DiscreteSignals,50 - SOBRECORRENTE INSTANTANEA FASE C,"50 - SOBRECORRENTE INSTANTANEA FASE C — ANSI 50 RELÉ DE SOBRECORRENTE INSTANTÂNEA, PROTEÇÃO INSTANTÂNEA, CURTO-CIRCUITO","ANSI 50 RELÉ DE SOBRECORRENTE INSTANTÂNEA, PROTEÇÃO INSTANTÂNEA, CURTO-CIRCUITO"
50CA,DiscreteSignals,50 - SOBRECORRENTE INSTANTANEA FASE C OU A,"50 - SOBRECORRENTE INSTANTANEA FASE C OU A — ANSI 50 RELÉ DE SOBRECORRENTE INSTANTÂNEA, PROTEÇÃO INSTANTÂNEA, CURTO-CIRCUITO","ANSI 50 RELÉ DE SOBRECORRENTE INSTANTÂNEA, PROTEÇÃO INSTANTÂNEA, CURTO-CIRCUITO"
50F1,DiscreteSignals,50 - SOBRECORRENTE INSTANTANEA FASE E1,"50 - SOBRECORRENTE INSTANTANEA FASE E1 — ANSI 50 RELÉ DE SOBRECORRENTE INSTANTÂNEA, PROTEÇÃO INSTANTÂNEA, CURTO-CIRCUITO","ANSI 50 RELÉ DE SOBRECORRENTE INSTANTÂNEA, PROTEÇÃO INSTANTÂNEA, CURTO-CIRCUITO"
50F2,DiscreteSignals,50 - SOBRECORRENTE INSTANTANEA FASE E2,"50 - SOBRECORRENTE INSTANTANEA FASE E2 — ANSI 50 RELÉ DE SOBRECORRENTE INSTANTÂNEA, PROTEÇÃO INSTANTÂNEA, CURTO-CIRCUITO","ANSI 50 RELÉ DE SOBRECORRENTE INSTANTÂNEA, PROTEÇÃO INSTANTÂNEA, CURTO-CIRCUITO"
50F3,DiscreteSignals,50 - SOBRECORRENTE INSTANTANEA FASE E3,"50 - SOBRECORRENTE INSTANTANEA FASE E3 — ANSI 50 RELÉ DE SOBRECORRENTE INSTANTÂNEA, PROTEÇÃO INSTANTÂNEA, CURTO-CIRCUITO","ANSI 50 RELÉ DE SOBRECORRENTE INSTANTÂNEA, PROTEÇÃO INSTANTÂNEA, CURTO-CIRCUITO"
50FN,DiscreteSignals,50 - SOBRECORRENTE INSTANTANEA FASE NEUTRO,"50 - SOBRECORRENTE INSTANTANEA FASE NEUTRO — ANSI 50 RELÉ DE SOBRECORRENTE INSTANTÂNEA, PROTEÇÃO INSTANTÂNEA, CURTO-CIRCUITO","ANSI 50 RELÉ DE SOBRECORRENTE INSTANTÂNEA, PROTEÇÃO INSTANTÂNEA, CURTO-CIRCUITO"
50N,DiscreteSignals,50 - SOBRECORRENTE INSTANTANEA NEUTRO,"50 - SOBRECORRENTE INSTANTANEA NEUTRO — ANSI 50 RELÉ DE SOBRECORRENTE INSTANTÂNEA, PROTEÇÃO INSTANTÂNEA, CURTO-CIRCUITO","ANSI 50 RELÉ DE SOBRECORRENTE INSTANTÂNEA, PROTEÇÃO INSTANTÂNEA, CURTO-CIRCUITO"
50N1,DiscreteSignals,50 - SOBRECORRENTE INSTANTANEA NEUTRO E1,"50 - SOBRECORRENTE INSTANTANEA NEUTRO E1 — ANSI 50 RELÉ DE SOBRECORRENTE INSTANTÂNEA, PROTEÇÃO INSTANTÂNEA, CURTO-CIRCUITO","ANSI 50 RELÉ DE SOBRECORRENTE INSTANTÂNEA, PROTEÇÃO INSTANTÂNEA, CURTO-CIRCUITO"
50N2,DiscreteSignals,50 - SOBRECORRENTE INSTANTANEA NEUTRO E2,"50 - SOBRECORRENTE INSTANTANEA NEUTRO E2 — ANSI 50 RELÉ DE SOBRECORRENTE INSTANTÂNEA, PROTEÇÃO INSTANTÂNEA, CURTO-CIRCUITO","ANSI 50 RELÉ DE SOBRECORRENTE INSTANTÂNEA, PROTEÇÃO INSTANTÂNEA, CURTO-CIRCUITO"
50N3,DiscreteSignals,50 - SOBRECORRENTE INSTANTANEA NEUTRO E3,"50 - SOBRECORRENTE INSTANTANEA NEUTRO E3 — ANSI 50 RELÉ DE SOBRECORRENTE INSTANTÂNEA, PROTEÇÃO INSTANTÂNEA, CURTO-CIRCUITO","ANSI 50 RELÉ DE SOBRECORRENTE INSTANTÂNEA, PROTEÇÃO INSTANTÂNEA, CURTO-CIRCUITO"
5BKP,DiscreteSignals,50 51 - SOBRECORRENTE BACKUP,50 51 - SOBRECORRENTE BACKUP — ANSI 50 RELÉ DE SOBRECORRENTE INSTANTÂNEA; ANSI 51 RELÉ DE SOBRECORRENTE TEMPORIZADA (TEMPO INVERSO),ANSI 50 RELÉ DE SOBRECORRENTE INSTANTÂNEA; ANSI 51 RELÉ DE SOBRECORRENTE TEMPORIZADA (TEMPO INVERSO)
5F,DiscreteSignals,50 51 - SOBRECORRENTE FASE,50 51 - SOBRECORRENTE FASE — ANSI 50 RELÉ DE SOBRECORRENTE INSTANTÂNEA; ANSI 51 RELÉ DE SOBRECORRENTE TEMPORIZADA (TEMPO INVERSO),ANSI 50 RELÉ DE SOBRECORRENTE INSTANTÂNEA; ANSI 51 RELÉ DE SOBRECORRENTE TEMPORIZADA (TEMPO INVERSO)
5FA,DiscreteSignals,50 51 - SOBRECORRENTE FASE A,50 51 - SOBRECORRENTE FASE A — ANSI 50 RELÉ DE SOBRECORRENTE INSTANTÂNEA; ANSI 51 RELÉ DE SOBRECORRENTE TEMPORIZADA (TEMPO INVERSO),ANSI 50 RELÉ DE SOBRECORRENTE INSTANTÂNEA; ANSI 51 RELÉ DE SOBRECORRENTE TEMPORIZADA (TEMPO INVERSO)
5FB,DiscreteSignals,50 51 - SOBRECORRENTE FASE B,50 51 - SOBRECORRENTE FASE B — ANSI 50 RELÉ DE SOBRECORRENTE INSTANTÂNEA; ANSI 51 RELÉ DE SOBRECORRENTE TEMPORIZADA (TEMPO INVERSO),ANSI 50 RELÉ DE SOBRECORRENTE INSTANTÂNEA; ANSI 51 RELÉ DE SOBRECORRENTE TEMPORIZADA (TEMPO INVERSO)
5FC,DiscreteSignals,50 51 - SOBRECORRENTE FASE C,50 51 - SOBRECORRENTE FASE C — ANSI 50 RELÉ DE SOBRECORRENTE INSTANTÂNEA; ANSI 51 RELÉ DE SOBRECORRENTE TEMPORIZADA (TEMPO INVERSO),ANSI 50 RELÉ DE SOBRECORRENTE INSTANTÂNEA; ANSI 51 RELÉ DE SOBRECORRENTE TEMPORIZADA (TEMPO INVERSO)
5FN,DiscreteSignals,50 51 - SOBRECORRENTE FASE NEUTRO,50 51 - SOBRECORRENTE FASE NEUTRO — ANSI 50 RELÉ DE SOBRECORRENTE INSTANTÂNEA; ANSI 51 RELÉ DE SOBRECORRENTE TEMPORIZADA (TEMPO INVERSO),ANSI 50 RELÉ DE SOBRECORRENTE INSTANTÂNEA; ANSI 51 RELÉ DE SOBRECORRENTE TEMPORIZADA (TEMPO INVERSO)
5FN1,DiscreteSignals,50 51 - SOBRECORRENTE FASE NEUTRO 1,50 51 - SOBRECORRENTE FASE NEUTRO 1 — ANSI 50 RELÉ DE SOBRECORRENTE INSTANTÂNEA; ANSI 51 RELÉ DE SOBRECORRENTE TEMPORIZADA (TEMPO INVERSO),ANSI 50 RELÉ DE SOBRECORRENTE INSTANTÂNEA; ANSI 51 RELÉ DE SOBRECORRENTE TEMPORIZADA (TEMPO INVERSO)
5FN2,DiscreteSignals,50 51 - SOBRECORRENTE FASE NEUTRO 2,50 51 - SOBRECORRENTE FASE NEUTRO 2 — ANSI 50 RELÉ DE SOBRECORRENTE INSTANTÂNEA; ANSI 51 RELÉ DE SOBRECORRENTE TEMPORIZADA (TEMPO INVERSO),ANSI 50 RELÉ DE SOBRECORRENTE INSTANTÂNEA; ANSI 51 RELÉ DE SOBRECORRENTE TEMPORIZADA (TEMPO INVERSO)
5N,DiscreteSignals,50 51 - SOBRECORRENTE NEUTRO,50 51 - SOBRECORRENTE NEUTRO — ANSI 50 RELÉ DE SOBRECORRENTE INSTANTÂNEA; ANSI 51 RELÉ DE SOBRECORRENTE TEMPORIZADA (TEMPO INVERSO),ANSI 50 RELÉ DE SOBRECORRENTE INSTANTÂNEA; ANSI 51 RELÉ DE SOBRECORRENTE TEMPORIZADA (TEMPO INVERSO)
5NBK,DiscreteSignals,50 51 - SOBRECORRENTE NEUTRO BACKUP,50 51 - SOBRECORRENTE NEUTRO BACKUP — ANSI 50 RELÉ DE SOBRECORRENTE INSTANTÂNEA; ANSI 51 RELÉ DE SOBRECORRENTE TEMPORIZADA (TEMPO INVERSO),ANSI 50 RELÉ DE SOBRECORRENTE INSTANTÂNEA; ANSI 51 RELÉ DE SOBRECORRENTE TEMPORIZADA (TEMPO INVERSO)
561F,DiscreteSignals,50 51 61 - FASE,50 51 61 - FASE — ANSI 50 RELÉ DE SOBRECORRENTE INSTANTÂNEA; ANSI 51 RELÉ DE SOBRECORRENTE TEMPORIZADA (TEMPO INVERSO),ANSI 50 RELÉ DE SOBRECORRENTE INSTANTÂNEA; ANSI 51 RELÉ DE SOBRECORRENTE TEMPORIZADA (TEMPO INVERSO)
51N,DiscreteSignals,51 - FUNCAO SOBRECORRENTE TEMPORIZADA NEUTRO,"51 - FUNCAO SOBRECORRENTE TEMPORIZADA NEUTRO — ANSI 51 RELÉ DE SOBRECORRENTE TEMPORIZADA (TEMPO INVERSO), PROTEÇÃO TEMPORIZADA, COORDENAÇÃO","ANSI 51 RELÉ DE SOBRECORRENTE TEMPORIZADA (TEMPO INVERSO), PROTEÇÃO TEMPORIZADA, COORDENAÇÃO"
51N,DiscreteSignals,51 - FUNCAO SOBRECORRENTE TEMPORIZADA NEUTRO,"51 - FUNCAO SOBRECORRENTE TEMPORIZADA NEUTRO — ANSI 51 RELÉ DE SOBRECORRENTE TEMPORIZADA (TEMPO INVERSO), PROTEÇÃO TEMPORIZADA, COORDENAÇÃO","ANSI 51 RELÉ DE SOBRECORRENTE TEMPORIZADA (TEMPO INVERSO), PROTEÇÃO TEMPORIZADA, COORDENAÇÃO"
51F,DiscreteSignals,51 - SOBRECORRENTE TEMPORIZADA FASE,"51 - SOBRECORRENTE TEMPORIZADA FASE — ANSI 51 RELÉ DE SOBRECORRENTE TEMPORIZADA (TEMPO INVERSO), PROTEÇÃO TEMPORIZADA, COORDENAÇÃO","ANSI 51 RELÉ DE SOBRECORRENTE TEMPORIZADA (TEMPO INVERSO), PROTEÇÃO TEMPORIZADA, COORDENAÇÃO"
51FA,DiscreteSignals,51 - SOBRECORRENTE TEMPORIZADA FASE A,"51 - SOBRECORRENTE TEMPORIZADA FASE A — ANSI 51 RELÉ DE SOBRECORRENTE TEMPORIZADA (TEMPO INVERSO), PROTEÇÃO TEMPORIZADA, COORDENAÇÃO","ANSI 51 RELÉ DE SOBRECORRENTE TEMPORIZADA (TEMPO INVERSO), PROTEÇÃO TEMPORIZADA, COORDENAÇÃO"
51FB,DiscreteSignals,51 - SOBRECORRENTE TEMPORIZADA FASE B,"51 - SOBRECORRENTE TEMPORIZADA FASE B — ANSI 51 RELÉ DE SOBRECORRENTE TEMPORIZADA (TEMPO INVERSO), PROTEÇÃO TEMPORIZADA, COORDENAÇÃO","ANSI 51 RELÉ DE SOBRECORRENTE TEMPORIZADA (TEMPO INVERSO), PROTEÇÃO TEMPORIZADA, COORDENAÇÃO"
51FC,DiscreteSignals,51 - SOBRECORRENTE TEMPORIZADA FASE C,"51 - SOBRECORRENTE TEMPORIZADA FASE C — ANSI 51 RELÉ DE SOBRECORRENTE TEMPORIZADA (TEMPO INVERSO), PROTEÇÃO TEMPORIZADA, COORDENAÇÃO","ANSI 51 RELÉ DE SOBRECORRENTE TEMPORIZADA (TEMPO INVERSO), PROTEÇÃO TEMPORIZADA, COORDENAÇÃO"
51CA,DiscreteSignals,51 - SOBRECORRENTE TEMPORIZADA FASE C OU A,"51 - SOBRECORRENTE TEMPORIZADA FASE C OU A — ANSI 51 RELÉ DE SOBRECORRENTE TEMPORIZADA (TEMPO INVERSO), PROTEÇÃO TEMPORIZADA, COORDENAÇÃO","ANSI 51 RELÉ DE SOBRECORRENTE TEMPORIZADA (TEMPO INVERSO), PROTEÇÃO TEMPORIZADA, COORDENAÇÃO"
51F1,DiscreteSignals,51 - SOBRECORRENTE TEMPORIZADA FASE E1,"51 - SOBRECORRENTE TEMPORIZADA FASE E1 — ANSI 51 RELÉ DE SOBRECORRENTE TEMPORIZADA (TEMPO INVERSO), PROTEÇÃO TEMPORIZADA, COORDENAÇÃO","ANSI 51 RELÉ DE SOBRECORRENTE TEMPORIZADA (TEMPO INVERSO), PROTEÇÃO TEMPORIZADA, COORDENAÇÃO"
51F2,DiscreteSignals,51 - SOBRECORRENTE TEMPORIZADA FASE E2,"51 - SOBRECORRENTE TEMPORIZADA FASE E2 — ANSI 51 RELÉ DE SOBRECORRENTE TEMPORIZADA (TEMPO INVERSO), PROTEÇÃO TEMPORIZADA, COORDENAÇÃO","ANSI 51 RELÉ DE SOBRECORRENTE TEMPORIZADA (TEMPO INVERSO), PROTEÇÃO TEMPORIZADA, COORDENAÇÃO"
51FN,DiscreteSignals,51 - SOBRECORRENTE TEMPORIZADA FASE NEUTRO,"51 - SOBRECORRENTE TEMPORIZADA FASE NEUTRO — ANSI 51 RELÉ DE SOBRECORRENTE TEMPORIZADA (TEMPO INVERSO), PROTEÇÃO TEMPORIZADA, COORDENAÇÃO","ANSI 51 RELÉ DE SOBRECORRENTE TEMPORIZADA (TEMPO INVERSO), PROTEÇÃO TEMPORIZADA, COORDENAÇÃO"
51NL,DiscreteSignals,51 - SOBRECORRENTE TEMPORIZADA LOCAL,"51 - SOBRECORRENTE TEMPORIZADA LOCAL — ANSI 51 RELÉ DE SOBRECORRENTE TEMPORIZADA (TEMPO INVERSO), PROTEÇÃO TEMPORIZADA, COORDENAÇÃO","ANSI 51 RELÉ DE SOBRECORRENTE TEMPORIZADA (TEMPO INVERSO), PROTEÇÃO TEMPORIZADA, COORDENAÇÃO"
51N1,DiscreteSignals,51 - SOBRECORRENTE TEMPORIZADA NEUTRO E1,"51 - SOBRECORRENTE TEMPORIZADA NEUTRO E1 — ANSI 51 RELÉ DE SOBRECORRENTE TEMPORIZADA (TEMPO INVERSO), PROTEÇÃO TEMPORIZADA, COORDENAÇÃO","ANSI 51 RELÉ DE SOBRECORRENTE TEMPORIZADA (TEMPO INVERSO), PROTEÇÃO TEMPORIZADA, COORDENAÇÃO"
51N2,DiscreteSignals,51 - SOBRECORRENTE TEMPORIZADA NEUTRO E2,"51 - SOBRECORRENTE TEMPORIZADA NEUTRO E2 — ANSI 51 RELÉ DE SOBRECORRENTE TEMPORIZADA (TEMPO INVERSO), PROTEÇÃO TEMPORIZADA, COORDENAÇÃO","ANSI 51 RELÉ DE SOBRECORRENTE TEMPORIZADA (TEMPO INVERSO), PROTEÇÃO TEMPORIZADA, COORDENAÇÃO"
51V,DiscreteSignals,51 - SOBRECORRENTE TEMPORIZADA POR TENSAO,"51 - SOBRECORRENTE TEMPORIZADA POR TENSAO — ANSI 51 RELÉ DE SOBRECORRENTE TEMPORIZADA (TEMPO INVERSO), PROTEÇÃO TEMPORIZADA, COORDENAÇÃO","ANSI 51 RELÉ DE SOBRECORRENTE TEMPORIZADA (TEMPO INVERSO), PROTEÇÃO TEMPORIZADA, COORDENAÇÃO"
5161,DiscreteSignals,51 61 - FASE NEUTRO,"51 61 - FASE NEUTRO — ANSI 51 RELÉ DE SOBRECORRENTE TEMPORIZADA (TEMPO INVERSO), PROTEÇÃO TEMPORIZADA, COORDENAÇÃO","ANSI 51 RELÉ DE SOBRECORRENTE TEMPORIZADA (TEMPO INVERSO), PROTEÇÃO TEMPORIZADA, COORDENAÇÃO"
59,DiscreteSignals,59 - FUNCAO SOBRETENSAO,"59 - FUNCAO SOBRETENSAO — ANSI 59 RELÉ DE SOBRETENSÃO, SOBRETENSÃO","ANSI 59 RELÉ DE SOBRETENSÃO, SOBRETENSÃO"
59,DiscreteSignals,59 - FUNCAO SOBRETENSAO,"59 - FUNCAO SOBRETENSAO — ANSI 59 RELÉ DE SOBRETENSÃO, SOBRETENSÃO","ANSI 59 RELÉ DE SOBRETENSÃO, SOBRETENSÃO"
59A,DiscreteSignals,59 - ALARME SOBRETENSAO,"59 - ALARME SOBRETENSAO — ANSI 59 RELÉ DE SOBRETENSÃO, SOBRETENSÃO","ANSI 59 RELÉ DE SOBRETENSÃO, SOBRETENSÃO"
59CD,DiscreteSignals,59 - BLOQUEIO CDC SOBRETENSAO,"59 - BLOQUEIO CDC SOBRETENSAO — ANSI 59 RELÉ DE SOBRETENSÃO, SOBRETENSÃO","ANSI 59 RELÉ DE SOBRETENSÃO, SOBRETENSÃO"
59E1,DiscreteSignals,59 - SOBRETENSAO E1,"59 - SOBRETENSAO E1 — ANSI 59 RELÉ DE SOBRETENSÃO, SOBRETENSÃO","ANSI 59 RELÉ DE SOBRETENSÃO, SOBRETENSÃO"
59E2,DiscreteSignals,59 - SOBRETENSAO E2,"59 - SOBRETENSAO E2 — ANSI 59 RELÉ DE SOBRETENSÃO, SOBRETENSÃO","ANSI 59 RELÉ DE SOBRETENSÃO, SOBRETENSÃO"
59E3,DiscreteSignals,59 - SOBRETENSAO E3,"59 - SOBRETENSAO E3 — ANSI 59 RELÉ DE SOBRETENSÃO, SOBRETENSÃO","ANSI 59 RELÉ DE SOBRETENSÃO, SOBRETENSÃO"
59E4,DiscreteSignals,59 - SOBRETENSAO E4,"59 - SOBRETENSAO E4 — ANSI 59 RELÉ DE SOBRETENSÃO, SOBRETENSÃO","ANSI 59 RELÉ DE SOBRETENSÃO, SOBRETENSÃO"
59E5,DiscreteSignals,59 - SOBRETENSAO E5,"59 - SOBRETENSAO E5 — ANSI 59 RELÉ DE SOBRETENSÃO, SOBRETENSÃO","ANSI 59 RELÉ DE SOBRETENSÃO, SOBRETENSÃO"
59I,DiscreteSignals,59 - SOBRETENSAO INSTANTANEA,"59 - SOBRETENSAO INSTANTANEA — ANSI 59 RELÉ DE SOBRETENSÃO, SOBRETENSÃO","ANSI 59 RELÉ DE SOBRETENSÃO, SOBRETENSÃO"
59N,DiscreteSignals,59 - SOBRETENSAO NEUTRO,"59 - SOBRETENSAO NEUTRO — ANSI 59 RELÉ DE SOBRETENSÃO, SOBRETENSÃO","ANSI 59 RELÉ DE SOBRETENSÃO, SOBRETENSÃO"
59_T,DiscreteSignals,59 - TRIP SOBRETENSAO,"59 - TRIP SOBRETENSAO — ANSI 59 RELÉ DE SOBRETENSÃO, SOBRETENSÃO","ANSI 59 RELÉ DE SOBRETENSÃO, SOBRETENSÃO"
61,DiscreteSignals,61 - DESEQUILIBRIO,61 - DESEQUILIBRIO — ANSI 61,ANSI 61
61_1,DiscreteSignals,61 - DESEQUILIBRIO E1,61 - DESEQUILIBRIO E1 — ANSI 61,ANSI 61
61_2,DiscreteSignals,61 - DESEQUILIBRIO E2,61 - DESEQUILIBRIO E2 — ANSI 61,ANSI 61
61I,DiscreteSignals,61 - DESEQUILIBRIO INSTANTANEO,61 - DESEQUILIBRIO INSTANTANEO — ANSI 61,ANSI 61
61N,DiscreteSignals,61 - DESEQUILIBRIO NEUTRO,61 - DESEQUILIBRIO NEUTRO — ANSI 61,ANSI 61
61T,DiscreteSignals,61 - DESEQUILIBRIO TEMPORIZADO,61 - DESEQUILIBRIO TEMPORIZADO — ANSI 61,ANSI 61
62BF,DiscreteSignals,62 - FALHA DISJUNTOR BLOQUEIO,62 - FALHA DISJUNTOR BLOQUEIO — ANSI 62 RELÉ DE TEMPORIZAÇÃO DE PARADA OU ABERTURA,ANSI 62 RELÉ DE TEMPORIZAÇÃO DE PARADA OU ABERTURA
BFAT,DiscreteSignals,62 - FALHA DISJUNTOR BLOQUEIO AT,62 - FALHA DISJUNTOR BLOQUEIO AT — ANSI 62 RELÉ DE TEMPORIZAÇÃO DE PARADA OU ABERTURA,ANSI 62 RELÉ DE TEMPORIZAÇÃO DE PARADA OU ABERTURA
BFP1,DiscreteSignals,62 - FALHA DISJUNTOR BLOQUEIO BARRA P1,62 - FALHA DISJUNTOR BLOQUEIO BARRA P1 — ANSI 62 RELÉ DE TEMPORIZAÇÃO DE PARADA OU ABERTURA,ANSI 62 RELÉ DE TEMPORIZAÇÃO DE PARADA OU ABERTURA
BFP2,DiscreteSignals,62 - FALHA DISJUNTOR BLOQUEIO BARRA P2,62 - FALHA DISJUNTOR BLOQUEIO BARRA P2 — ANSI 62 RELÉ DE TEMPORIZAÇÃO DE PARADA OU ABERTURA,ANSI 62 RELÉ DE TEMPORIZAÇÃO DE PARADA OU ABERTURA
BFP3,DiscreteSignals,62 - FALHA DISJUNTOR BLOQUEIO BARRA P3,62 - FALHA DISJUNTOR BLOQUEIO BARRA P3 — ANSI 62 RELÉ DE TEMPORIZAÇÃO DE PARADA OU ABERTURA,ANSI 62 RELÉ DE TEMPORIZAÇÃO DE PARADA OU ABERTURA
BFBT,DiscreteSignals,62 - FALHA DISJUNTOR BLOQUEIO ALIMENTADORES,62 - FALHA DISJUNTOR BLOQUEIO ALIMENTADORES — ANSI 62 RELÉ DE TEMPORIZAÇÃO DE PARADA OU ABERTURA,ANSI 62 RELÉ DE TEMPORIZAÇÃO DE PARADA OU ABERTURA
63CA,DiscreteSignals,63 - ALARME BUCHHOLZ CDC,63 - ALARME BUCHHOLZ CDC   — ANSI 63 RELÉ/CHAVE DE PRESSÃO (BUCHHOLZ / SÚBITA PRESSÃO),ANSI 63 RELÉ/CHAVE DE PRESSÃO (BUCHHOLZ / SÚBITA PRESSÃO)
63A,DiscreteSignals,63 - ALARME BUCHHOLZ,63 - ALARME BUCHHOLZ — ANSI 63 RELÉ/CHAVE DE PRESSÃO (BUCHHOLZ / SÚBITA PRESSÃO),ANSI 63 RELÉ/CHAVE DE PRESSÃO (BUCHHOLZ / SÚBITA PRESSÃO)
63TA,DiscreteSignals,63 - ALARME BUCHHOLZ TRAFO,63 - ALARME BUCHHOLZ TRAFO   — ANSI 63 RELÉ/CHAVE DE PRESSÃO (BUCHHOLZ / SÚBITA PRESSÃO),ANSI 63 RELÉ/CHAVE DE PRESSÃO (BUCHHOLZ / SÚBITA PRESSÃO)
63TC,DiscreteSignals,63 - TRIP BUCHHOLZ CDC OU TRAFO,63 - TRIP BUCHHOLZ CDC OU TRAFO — ANSI 63 RELÉ/CHAVE DE PRESSÃO (BUCHHOLZ / SÚBITA PRESSÃO),ANSI 63 RELÉ/CHAVE DE PRESSÃO (BUCHHOLZ / SÚBITA PRESSÃO)
63CD,DiscreteSignals,63 - TRIP BUCHHOLZ CDC,63 - TRIP BUCHHOLZ CDC — ANSI 63 RELÉ/CHAVE DE PRESSÃO (BUCHHOLZ / SÚBITA PRESSÃO),ANSI 63 RELÉ/CHAVE DE PRESSÃO (BUCHHOLZ / SÚBITA PRESSÃO)
63C,DiscreteSignals,63 - BUCHHOLZ CDC,63 - BUCHHOLZ CDC — ANSI 63 RELÉ/CHAVE DE PRESSÃO (BUCHHOLZ / SÚBITA PRESSÃO),ANSI 63 RELÉ/CHAVE DE PRESSÃO (BUCHHOLZ / SÚBITA PRESSÃO)
63TD,DiscreteSignals,63 - TRIP BUCHHOLZ TRAFO,63 - TRIP BUCHHOLZ TRAFO   — ANSI 63 RELÉ/CHAVE DE PRESSÃO (BUCHHOLZ / SÚBITA PRESSÃO),ANSI 63 RELÉ/CHAVE DE PRESSÃO (BUCHHOLZ / SÚBITA PRESSÃO)
63T,DiscreteSignals,63 - BUCHHOLZ TRAFO,63 - BUCHHOLZ TRAFO   — ANSI 63 RELÉ/CHAVE DE PRESSÃO (BUCHHOLZ / SÚBITA PRESSÃO),ANSI 63 RELÉ/CHAVE DE PRESSÃO (BUCHHOLZ / SÚBITA PRESSÃO)
67FTD,DiscreteSignals,67 - DIRECIONAL SOBRECORRENTE DIRETO FASE TEMPORIZADA,"67 - DIRECIONAL SOBRECORRENTE DIRETO FASE TEMPORIZADA — ANSI 67 RELÉ DIRECIONAL DE SOBRECORRENTE CA, DIRECIONAL","ANSI 67 RELÉ DIRECIONAL DE SOBRECORRENTE CA, DIRECIONAL"
67NTD,DiscreteSignals,67 - DIRECIONAL SOBRECORRENTE DIRETO NEUTRO TEMPORIZADA,"67 - DIRECIONAL SOBRECORRENTE DIRETO NEUTRO TEMPORIZADA — ANSI 67 RELÉ DIRECIONAL DE SOBRECORRENTE CA, DIRECIONAL","ANSI 67 RELÉ DIRECIONAL DE SOBRECORRENTE CA, DIRECIONAL"
67_1,DiscreteSignals,67 - DIRECIONAL SOBRECORRENTE E1,"67 - DIRECIONAL SOBRECORRENTE E1 — ANSI 67 RELÉ DIRECIONAL DE SOBRECORRENTE CA, DIRECIONAL","ANSI 67 RELÉ DIRECIONAL DE SOBRECORRENTE CA, DIRECIONAL"
67_2,DiscreteSignals,67 - DIRECIONAL SOBRECORRENTE E2,"67 - DIRECIONAL SOBRECORRENTE E2 — ANSI 67 RELÉ DIRECIONAL DE SOBRECORRENTE CA, DIRECIONAL","ANSI 67 RELÉ DIRECIONAL DE SOBRECORRENTE CA, DIRECIONAL"
67F,DiscreteSignals,67 - DIRECIONAL SOBRECORRENTE FASE,"67 - DIRECIONAL SOBRECORRENTE FASE — ANSI 67 RELÉ DIRECIONAL DE SOBRECORRENTE CA, DIRECIONAL","ANSI 67 RELÉ DIRECIONAL DE SOBRECORRENTE CA, DIRECIONAL"
67FA,DiscreteSignals,67 - DIRECIONAL SOBRECORRENTE FASE A,"67 - DIRECIONAL SOBRECORRENTE FASE A — ANSI 67 RELÉ DIRECIONAL DE SOBRECORRENTE CA, DIRECIONAL","ANSI 67 RELÉ DIRECIONAL DE SOBRECORRENTE CA, DIRECIONAL"
67FB,DiscreteSignals,67 - DIRECIONAL SOBRECORRENTE FASE B,"67 - DIRECIONAL SOBRECORRENTE FASE B — ANSI 67 RELÉ DIRECIONAL DE SOBRECORRENTE CA, DIRECIONAL","ANSI 67 RELÉ DIRECIONAL DE SOBRECORRENTE CA, DIRECIONAL"
67FC,DiscreteSignals,67 - DIRECIONAL SOBRECORRENTE FASE C,"67 - DIRECIONAL SOBRECORRENTE FASE C — ANSI 67 RELÉ DIRECIONAL DE SOBRECORRENTE CA, DIRECIONAL","ANSI 67 RELÉ DIRECIONAL DE SOBRECORRENTE CA, DIRECIONAL"
67F1,DiscreteSignals,67 - DIRECIONAL SOBRECORRENTE FASE E1,"67 - DIRECIONAL SOBRECORRENTE FASE E1 — ANSI 67 RELÉ DIRECIONAL DE SOBRECORRENTE CA, DIRECIONAL","ANSI 67 RELÉ DIRECIONAL DE SOBRECORRENTE CA, DIRECIONAL"
67F2,DiscreteSignals,67 - DIRECIONAL SOBRECORRENTE FASE E2,"67 - DIRECIONAL SOBRECORRENTE FASE E2 — ANSI 67 RELÉ DIRECIONAL DE SOBRECORRENTE CA, DIRECIONAL","ANSI 67 RELÉ DIRECIONAL DE SOBRECORRENTE CA, DIRECIONAL"
67FT,DiscreteSignals,67 - DIRECIONAL SOBRECORRENTE FASE TEMPORIZADO,"67 - DIRECIONAL SOBRECORRENTE FASE TEMPORIZADO — ANSI 67 RELÉ DIRECIONAL DE SOBRECORRENTE CA, DIRECIONAL","ANSI 67 RELÉ DIRECIONAL DE SOBRECORRENTE CA, DIRECIONAL"
67P1,DiscreteSignals,67 - DIRECIONAL SOBRECORRENTE FASE TEMPORIZADO E1,"67 - DIRECIONAL SOBRECORRENTE FASE TEMPORIZADO E1 — ANSI 67 RELÉ DIRECIONAL DE SOBRECORRENTE CA, DIRECIONAL","ANSI 67 RELÉ DIRECIONAL DE SOBRECORRENTE CA, DIRECIONAL"
67P2,DiscreteSignals,67 - DIRECIONAL SOBRECORRENTE FASE TEMPORIZADO E2,"67 - DIRECIONAL SOBRECORRENTE FASE TEMPORIZADO E2 — ANSI 67 RELÉ DIRECIONAL DE SOBRECORRENTE CA, DIRECIONAL","ANSI 67 RELÉ DIRECIONAL DE SOBRECORRENTE CA, DIRECIONAL"
67N,DiscreteSignals,67 - DIRECIONAL SOBRECORRENTE NEUTRO,"67 - DIRECIONAL SOBRECORRENTE NEUTRO — ANSI 67 RELÉ DIRECIONAL DE SOBRECORRENTE CA, DIRECIONAL","ANSI 67 RELÉ DIRECIONAL DE SOBRECORRENTE CA, DIRECIONAL"
67N1,DiscreteSignals,67 - DIRECIONAL SOBRECORRENTE NEUTRO E1,"67 - DIRECIONAL SOBRECORRENTE NEUTRO E1 — ANSI 67 RELÉ DIRECIONAL DE SOBRECORRENTE CA, DIRECIONAL","ANSI 67 RELÉ DIRECIONAL DE SOBRECORRENTE CA, DIRECIONAL"
67N2,DiscreteSignals,67 - DIRECIONAL SOBRECORRENTE NEUTRO E2,"67 - DIRECIONAL SOBRECORRENTE NEUTRO E2 — ANSI 67 RELÉ DIRECIONAL DE SOBRECORRENTE CA, DIRECIONAL","ANSI 67 RELÉ DIRECIONAL DE SOBRECORRENTE CA, DIRECIONAL"
67NT,DiscreteSignals,67 - DIRECIONAL SOBRECORRENTE NEUTRO TEMPORIZADO,"67 - DIRECIONAL SOBRECORRENTE NEUTRO TEMPORIZADO — ANSI 67 RELÉ DIRECIONAL DE SOBRECORRENTE CA, DIRECIONAL","ANSI 67 RELÉ DIRECIONAL DE SOBRECORRENTE CA, DIRECIONAL"
67NT1,DiscreteSignals,67 - DIRECIONAL SOBRECORRENTE NEUTRO TEMPORIZADO E1,"67 - DIRECIONAL SOBRECORRENTE NEUTRO TEMPORIZADO E1 — ANSI 67 RELÉ DIRECIONAL DE SOBRECORRENTE CA, DIRECIONAL","ANSI 67 RELÉ DIRECIONAL DE SOBRECORRENTE CA, DIRECIONAL"
67NT2,DiscreteSignals,67 - DIRECIONAL SOBRECORRENTE NEUTRO TEMPORIZADO E2,"67 - DIRECIONAL SOBRECORRENTE NEUTRO TEMPORIZADO E2 — ANSI 67 RELÉ DIRECIONAL DE SOBRECORRENTE CA, DIRECIONAL","ANSI 67 RELÉ DIRECIONAL DE SOBRECORRENTE CA, DIRECIONAL"
67FTR,DiscreteSignals,67 - DIRECIONAL SOBRECORRENTE REVERSO FASE TEMPORIZADA,"67 - DIRECIONAL SOBRECORRENTE REVERSO FASE TEMPORIZADA — ANSI 67 RELÉ DIRECIONAL DE SOBRECORRENTE CA, DIRECIONAL","ANSI 67 RELÉ DIRECIONAL DE SOBRECORRENTE CA, DIRECIONAL"
67NTR,DiscreteSignals,67 - DIRECIONAL SOBRECORRENTE REVERSO NEUTRO TEMPORIZADA,"67 - DIRECIONAL SOBRECORRENTE REVERSO NEUTRO TEMPORIZADA — ANSI 67 RELÉ DIRECIONAL DE SOBRECORRENTE CA, DIRECIONAL","ANSI 67 RELÉ DIRECIONAL DE SOBRECORRENTE CA, DIRECIONAL"
67,DiscreteSignals,67 - FUNCAO DIRECIONAL SOBRECORRENTE,"67 - FUNCAO DIRECIONAL SOBRECORRENTE — ANSI 67 RELÉ DIRECIONAL DE SOBRECORRENTE CA, DIRECIONAL","ANSI 67 RELÉ DIRECIONAL DE SOBRECORRENTE CA, DIRECIONAL"
67,DiscreteSignals,67 - FUNCAO DIRECIONAL SOBRECORRENTE,"67 - FUNCAO DIRECIONAL SOBRECORRENTE — ANSI 67 RELÉ DIRECIONAL DE SOBRECORRENTE CA, DIRECIONAL","ANSI 67 RELÉ DIRECIONAL DE SOBRECORRENTE CA, DIRECIONAL"
67NX,DiscreteSignals,67 - FUNCAO DIRECIONAL SOBRECORRENTE NEUTRO,"67 - FUNCAO DIRECIONAL SOBRECORRENTE NEUTRO — ANSI 67 RELÉ DIRECIONAL DE SOBRECORRENTE CA, DIRECIONAL","ANSI 67 RELÉ DIRECIONAL DE SOBRECORRENTE CA, DIRECIONAL"
67NX,DiscreteSignals,67 - FUNCAO DIRECIONAL SOBRECORRENTE NEUTRO,"67 - FUNCAO DIRECIONAL SOBRECORRENTE NEUTRO — ANSI 67 RELÉ DIRECIONAL DE SOBRECORRENTE CA, DIRECIONAL","ANSI 67 RELÉ DIRECIONAL DE SOBRECORRENTE CA, DIRECIONAL"
67_T,DiscreteSignals,67 - TRIP DIRECIONAL SOBRECORRENTE,"67 - TRIP DIRECIONAL SOBRECORRENTE — ANSI 67 RELÉ DIRECIONAL DE SOBRECORRENTE CA, DIRECIONAL","ANSI 67 RELÉ DIRECIONAL DE SOBRECORRENTE CA, DIRECIONAL"
67FD,DiscreteSignals,67 - DIRECIONAL SOBRECORRENTE DIRETO FASE,"67 - DIRECIONAL SOBRECORRENTE DIRETO FASE — ANSI 67 RELÉ DIRECIONAL DE SOBRECORRENTE CA, DIRECIONAL","ANSI 67 RELÉ DIRECIONAL DE SOBRECORRENTE CA, DIRECIONAL"
67ND,DiscreteSignals,67 - DIRECIONAL SOBRECORRENTE DIRETO NEUTRO,"67 - DIRECIONAL SOBRECORRENTE DIRETO NEUTRO — ANSI 67 RELÉ DIRECIONAL DE SOBRECORRENTE CA, DIRECIONAL","ANSI 67 RELÉ DIRECIONAL DE SOBRECORRENTE CA, DIRECIONAL"
67FR,DiscreteSignals,67 - DIRECIONAL SOBRECORRENTE REVERSO FASE,"67 - DIRECIONAL SOBRECORRENTE REVERSO FASE — ANSI 67 RELÉ DIRECIONAL DE SOBRECORRENTE CA, DIRECIONAL","ANSI 67 RELÉ DIRECIONAL DE SOBRECORRENTE CA, DIRECIONAL"
67NR,DiscreteSignals,67 - DIRECIONAL SOBRECORRENTE REVERSO NEUTRO,"67 - DIRECIONAL SOBRECORRENTE REVERSO NEUTRO — ANSI 67 RELÉ DIRECIONAL DE SOBRECORRENTE CA, DIRECIONAL","ANSI 67 RELÉ DIRECIONAL DE SOBRECORRENTE CA, DIRECIONAL"
71H,DiscreteSignals,71 - NIVEL ALTO OLEO,71 - NIVEL ALTO OLEO — ANSI 71 RELÉ/CHAVE DE NÍVEL DE LÍQUIDO OU GÁS,ANSI 71 RELÉ/CHAVE DE NÍVEL DE LÍQUIDO OU GÁS
71CH,DiscreteSignals,71 - NIVEL ALTO OLEO CDC,71 - NIVEL ALTO OLEO CDC — ANSI 71 RELÉ/CHAVE DE NÍVEL DE LÍQUIDO OU GÁS,ANSI 71 RELÉ/CHAVE DE NÍVEL DE LÍQUIDO OU GÁS
71HI,DiscreteSignals,71 - NIVEL ALTO OLEO CDC OU TRAFO,71 - NIVEL ALTO OLEO CDC OU TRAFO — ANSI 71 RELÉ/CHAVE DE NÍVEL DE LÍQUIDO OU GÁS,ANSI 71 RELÉ/CHAVE DE NÍVEL DE LÍQUIDO OU GÁS
71TH,DiscreteSignals,71 - NIVEL ALTO OLEO TRAFO,71 - NIVEL ALTO OLEO TRAFO — ANSI 71 RELÉ/CHAVE DE NÍVEL DE LÍQUIDO OU GÁS,ANSI 71 RELÉ/CHAVE DE NÍVEL DE LÍQUIDO OU GÁS
71L,DiscreteSignals,71 - NIVEL BAIXO OLEO,71 - NIVEL BAIXO OLEO   — ANSI 71 RELÉ/CHAVE DE NÍVEL DE LÍQUIDO OU GÁS,ANSI 71 RELÉ/CHAVE DE NÍVEL DE LÍQUIDO OU GÁS
71CL,DiscreteSignals,71 - NIVEL BAIXO OLEO CDC,71 - NIVEL BAIXO OLEO CDC — ANSI 71 RELÉ/CHAVE DE NÍVEL DE LÍQUIDO OU GÁS,ANSI 71 RELÉ/CHAVE DE NÍVEL DE LÍQUIDO OU GÁS
71LO,DiscreteSignals,71 - NIVEL BAIXO OLEO CDC OU TRAFO,71 - NIVEL BAIXO OLEO CDC OU TRAFO — ANSI 71 RELÉ/CHAVE DE NÍVEL DE LÍQUIDO OU GÁS,ANSI 71 RELÉ/CHAVE DE NÍVEL DE LÍQUIDO OU GÁS
71TL,DiscreteSignals,71 - NIVEL BAIXO OLEO TRAFO,71 - NIVEL BAIXO OLEO TRAFO — ANSI 71 RELÉ/CHAVE DE NÍVEL DE LÍQUIDO OU GÁS,ANSI 71 RELÉ/CHAVE DE NÍVEL DE LÍQUIDO OU GÁS
71,DiscreteSignals,71 - NIVEL OLEO,71 - NIVEL OLEO — ANSI 71 RELÉ/CHAVE DE NÍVEL DE LÍQUIDO OU GÁS,ANSI 71 RELÉ/CHAVE DE NÍVEL DE LÍQUIDO OU GÁS
71C,DiscreteSignals,71 - NIVEL OLEO CDC,71 - NIVEL OLEO CDC — ANSI 71 RELÉ/CHAVE DE NÍVEL DE LÍQUIDO OU GÁS,ANSI 71 RELÉ/CHAVE DE NÍVEL DE LÍQUIDO OU GÁS
71TC,DiscreteSignals,71 - NIVEL OLEO CDC OU TRAFO,71 - NIVEL OLEO CDC OU TRAFO — ANSI 71 RELÉ/CHAVE DE NÍVEL DE LÍQUIDO OU GÁS,ANSI 71 RELÉ/CHAVE DE NÍVEL DE LÍQUIDO OU GÁS
71T,DiscreteSignals,71 - NIVEL OLEO TRAFO,71 - NIVEL OLEO TRAFO — ANSI 71 RELÉ/CHAVE DE NÍVEL DE LÍQUIDO OU GÁS,ANSI 71 RELÉ/CHAVE DE NÍVEL DE LÍQUIDO OU GÁS
78_T,DiscreteSignals,78 - DESEQUILIBRIO ANGULO FASE,78 - DESEQUILIBRIO ANGULO FASE — ANSI 78 RELÉ DE MEDIÇÃO DE ÂNGULO DE FASE / PERDA DE SINCRONISMO (OUT-OF-STEP),ANSI 78 RELÉ DE MEDIÇÃO DE ÂNGULO DE FASE / PERDA DE SINCRONISMO (OUT-OF-STEP)
78VS,DiscreteSignals,78 - SALTO VETOR ANTI-ILHAMENTO,78 - SALTO VETOR ANTI-ILHAMENTO — ANSI 78 RELÉ DE MEDIÇÃO DE ÂNGULO DE FASE / PERDA DE SINCRONISMO (OUT-OF-STEP),ANSI 78 RELÉ DE MEDIÇÃO DE ÂNGULO DE FASE / PERDA DE SINCRONISMO (OUT-OF-STEP)
79,DiscreteSignals,79 - FUNCAO RELIGAMENTO,"79 - FUNCAO RELIGAMENTO — ANSI 79 RELÉ DE RELIGAMENTO AUTOMÁTICO CA, RELIGAMENTO, RELIGA","ANSI 79 RELÉ DE RELIGAMENTO AUTOMÁTICO CA, RELIGAMENTO, RELIGA"
79,DiscreteSignals,79 - FUNCAO RELIGAMENTO,"79 - FUNCAO RELIGAMENTO — ANSI 79 RELÉ DE RELIGAMENTO AUTOMÁTICO CA, RELIGAMENTO, RELIGA","ANSI 79 RELÉ DE RELIGAMENTO AUTOMÁTICO CA, RELIGAMENTO, RELIGA"
79_1,DiscreteSignals,79 - PARTIDA RELIGAMENTO,"79 - PARTIDA RELIGAMENTO — ANSI 79 RELÉ DE RELIGAMENTO AUTOMÁTICO CA, RELIGAMENTO, RELIGA","ANSI 79 RELÉ DE RELIGAMENTO AUTOMÁTICO CA, RELIGAMENTO, RELIGA"
79LO,DiscreteSignals,79 - RELIGAMENTO BLOQUEADO,"79 - RELIGAMENTO BLOQUEADO — ANSI 79 RELÉ DE RELIGAMENTO AUTOMÁTICO CA, RELIGAMENTO, RELIGA","ANSI 79 RELÉ DE RELIGAMENTO AUTOMÁTICO CA, RELIGAMENTO, RELIGA"
79OK,DiscreteSignals,79 - RELIGAMENTO COM SUCESSO,"79 - RELIGAMENTO COM SUCESSO — ANSI 79 RELÉ DE RELIGAMENTO AUTOMÁTICO CA, RELIGAMENTO, RELIGA","ANSI 79 RELÉ DE RELIGAMENTO AUTOMÁTICO CA, RELIGAMENTO, RELIGA"
79_EXC,DiscreteSignals,79 - EXCLUIR RELIGAMENTO,"79 - EXCLUIR RELIGAMENTO — ANSI 79 RELÉ DE RELIGAMENTO AUTOMÁTICO CA, RELIGAMENTO, RELIGA","ANSI 79 RELÉ DE RELIGAMENTO AUTOMÁTICO CA, RELIGAMENTO, RELIGA"
79_INC,DiscreteSignals,79 - INCLUIR RELIGAMENTO,"79 - INCLUIR RELIGAMENTO — ANSI 79 RELÉ DE RELIGAMENTO AUTOMÁTICO CA, RELIGAMENTO, RELIGA","ANSI 79 RELÉ DE RELIGAMENTO AUTOMÁTICO CA, RELIGAMENTO, RELIGA"
79RE,DiscreteSignals,79 - RELIGAMENTO PRONTO,"79 - RELIGAMENTO PRONTO — ANSI 79 RELÉ DE RELIGAMENTO AUTOMÁTICO CA, RELIGAMENTO, RELIGA","ANSI 79 RELÉ DE RELIGAMENTO AUTOMÁTICO CA, RELIGAMENTO, RELIGA"
79TF,DiscreteSignals,79 - RELIGAMENTO TRANSFERIDO,"79 - RELIGAMENTO TRANSFERIDO — ANSI 79 RELÉ DE RELIGAMENTO AUTOMÁTICO CA, RELIGAMENTO, RELIGA","ANSI 79 RELÉ DE RELIGAMENTO AUTOMÁTICO CA, RELIGAMENTO, RELIGA"
81,DiscreteSignals,81 - FUNCAO SUB/SOB FREQUENCIA,"81 - FUNCAO SUB/SOB FREQUENCIA  — ANSI 81 RELÉ DE FREQUÊNCIA (SUB/SOBREFREQUÊNCIA), FREQUÊNCIA","ANSI 81 RELÉ DE FREQUÊNCIA (SUB/SOBREFREQUÊNCIA), FREQUÊNCIA"
81,DiscreteSignals,81 - FUNCAO SUB/SOB FREQUENCIA,"81 - FUNCAO SUB/SOB FREQUENCIA  — ANSI 81 RELÉ DE FREQUÊNCIA (SUB/SOBREFREQUÊNCIA), FREQUÊNCIA","ANSI 81 RELÉ DE FREQUÊNCIA (SUB/SOBREFREQUÊNCIA), FREQUÊNCIA"
81SO,DiscreteSignals,81 - TRIP SOBRE FREQUENCIA,"81 - TRIP SOBRE FREQUENCIA — ANSI 81 RELÉ DE FREQUÊNCIA (SUB/SOBREFREQUÊNCIA), FREQUÊNCIA","ANSI 81 RELÉ DE FREQUÊNCIA (SUB/SOBREFREQUÊNCIA), FREQUÊNCIA"
81O1,DiscreteSignals,81 - TRIP SOBRE FREQUENCIA E1,"81 - TRIP SOBRE FREQUENCIA E1 — ANSI 81 RELÉ DE FREQUÊNCIA (SUB/SOBREFREQUÊNCIA), FREQUÊNCIA","ANSI 81 RELÉ DE FREQUÊNCIA (SUB/SOBREFREQUÊNCIA), FREQUÊNCIA"
81O2,DiscreteSignals,81 - TRIP SOBRE FREQUENCIA E2,"81 - TRIP SOBRE FREQUENCIA E2 — ANSI 81 RELÉ DE FREQUÊNCIA (SUB/SOBREFREQUÊNCIA), FREQUÊNCIA","ANSI 81 RELÉ DE FREQUÊNCIA (SUB/SOBREFREQUÊNCIA), FREQUÊNCIA"
81SU,DiscreteSignals,81 - TRIP SUB FREQUENCIA,"81 - TRIP SUB FREQUENCIA — ANSI 81 RELÉ DE FREQUÊNCIA (SUB/SOBREFREQUÊNCIA), FREQUÊNCIA","ANSI 81 RELÉ DE FREQUÊNCIA (SUB/SOBREFREQUÊNCIA), FREQUÊNCIA"
81_T,DiscreteSignals,81 - TRIP SUB/SOBRE FREQUENCIA,"81 - TRIP SUB/SOBRE FREQUENCIA  — ANSI 81 RELÉ DE FREQUÊNCIA (SUB/SOBREFREQUÊNCIA), FREQUÊNCIA","ANSI 81 RELÉ DE FREQUÊNCIA (SUB/SOBREFREQUÊNCIA), FREQUÊNCIA"
81IE1,DiscreteSignals,81 - TRIP SUB/SOBRE FREQUENCIA E1,"81 - TRIP SUB/SOBRE FREQUENCIA E1 — ANSI 81 RELÉ DE FREQUÊNCIA (SUB/SOBREFREQUÊNCIA), FREQUÊNCIA","ANSI 81 RELÉ DE FREQUÊNCIA (SUB/SOBREFREQUÊNCIA), FREQUÊNCIA"
81IE2,DiscreteSignals,81 - TRIP SUB/SOBRE FREQUENCIA E2,"81 - TRIP SUB/SOBRE FREQUENCIA E2 — ANSI 81 RELÉ DE FREQUÊNCIA (SUB/SOBREFREQUÊNCIA), FREQUÊNCIA","ANSI 81 RELÉ DE FREQUÊNCIA (SUB/SOBREFREQUÊNCIA), FREQUÊNCIA"
81E1,DiscreteSignals,81 - TRIP SUB/SOBRE FREQUENCIA E1,"81 - TRIP SUB/SOBRE FREQUENCIA E1 — ANSI 81 RELÉ DE FREQUÊNCIA (SUB/SOBREFREQUÊNCIA), FREQUÊNCIA","ANSI 81 RELÉ DE FREQUÊNCIA (SUB/SOBREFREQUÊNCIA), FREQUÊNCIA"
81E2,DiscreteSignals,81 - TRIP SUB/SOBRE FREQUENCIA E2,"81 - TRIP SUB/SOBRE FREQUENCIA E2 — ANSI 81 RELÉ DE FREQUÊNCIA (SUB/SOBREFREQUÊNCIA), FREQUÊNCIA","ANSI 81 RELÉ DE FREQUÊNCIA (SUB/SOBREFREQUÊNCIA), FREQUÊNCIA"
81E3,DiscreteSignals,81 - TRIP SUB/SOBRE FREQUENCIA E3,"81 - TRIP SUB/SOBRE FREQUENCIA E3 — ANSI 81 RELÉ DE FREQUÊNCIA (SUB/SOBREFREQUÊNCIA), FREQUÊNCIA","ANSI 81 RELÉ DE FREQUÊNCIA (SUB/SOBREFREQUÊNCIA), FREQUÊNCIA"
81E4,DiscreteSignals,81 - TRIP SUB/SOBRE FREQUENCIA E4,"81 - TRIP SUB/SOBRE FREQUENCIA E4 — ANSI 81 RELÉ DE FREQUÊNCIA (SUB/SOBREFREQUÊNCIA), FREQUÊNCIA","ANSI 81 RELÉ DE FREQUÊNCIA (SUB/SOBREFREQUÊNCIA), FREQUÊNCIA"
81E5,DiscreteSignals,81 - TRIP SUB/SOBRE FREQUENCIA E5,"81 - TRIP SUB/SOBRE FREQUENCIA E5 — ANSI 81 RELÉ DE FREQUÊNCIA (SUB/SOBREFREQUÊNCIA), FREQUÊNCIA","ANSI 81 RELÉ DE FREQUÊNCIA (SUB/SOBREFREQUÊNCIA), FREQUÊNCIA"
43TP,DiscreteSignals,43 - TRANSFERENCIA DE PROTECAO,43 - TRANSFERENCIA DE PROTECAO — ANSI 43 DISPOSITIVO DE TRANSFERÊNCIA OU SELETOR MANUAL,ANSI 43 DISPOSITIVO DE TRANSFERÊNCIA OU SELETOR MANUAL
86,DiscreteSignals,86 - BLOQUEIO,"86 - BLOQUEIO — ANSI 86 RELÉ DE BLOQUEIO (LOCKOUT, REARME MANUAL), LOCKOUT, BLOQUEIO","ANSI 86 RELÉ DE BLOQUEIO (LOCKOUT, REARME MANUAL), LOCKOUT, BLOQUEIO"
86,DiscreteSignals,86 - BLOQUEIO,"86 - BLOQUEIO — ANSI 86 RELÉ DE BLOQUEIO (LOCKOUT, REARME MANUAL), LOCKOUT, BLOQUEIO","ANSI 86 RELÉ DE BLOQUEIO (LOCKOUT, REARME MANUAL), LOCKOUT, BLOQUEIO"
86BF,DiscreteSignals,86 - BLOQUEIO DEFEITO DISJUNTOR,"86 - BLOQUEIO DEFEITO DISJUNTOR — ANSI 86 RELÉ DE BLOQUEIO (LOCKOUT, REARME MANUAL), LOCKOUT, BLOQUEIO","ANSI 86 RELÉ DE BLOQUEIO (LOCKOUT, REARME MANUAL), LOCKOUT, BLOQUEIO"
86BF,DiscreteSignals,86 - BLOQUEIO DEFEITO DISJUNTOR,"86 - BLOQUEIO DEFEITO DISJUNTOR — ANSI 86 RELÉ DE BLOQUEIO (LOCKOUT, REARME MANUAL), LOCKOUT, BLOQUEIO","ANSI 86 RELÉ DE BLOQUEIO (LOCKOUT, REARME MANUAL), LOCKOUT, BLOQUEIO"
86C,DiscreteSignals,86 - BLOQUEIO CDC,"86 - BLOQUEIO CDC — ANSI 86 RELÉ DE BLOQUEIO (LOCKOUT, REARME MANUAL), LOCKOUT, BLOQUEIO","ANSI 86 RELÉ DE BLOQUEIO (LOCKOUT, REARME MANUAL), LOCKOUT, BLOQUEIO"
86FL,DiscreteSignals,86 - FALHA CIRCUITO RELE,"86 - FALHA CIRCUITO RELE — ANSI 86 RELÉ DE BLOQUEIO (LOCKOUT, REARME MANUAL), LOCKOUT, BLOQUEIO","ANSI 86 RELÉ DE BLOQUEIO (LOCKOUT, REARME MANUAL), LOCKOUT, BLOQUEIO"
87BL,DiscreteSignals,87 - DIFERENCIAL BLOQUEIO,"87 - DIFERENCIAL BLOQUEIO — ANSI 87 RELÉ DE PROTEÇÃO DIFERENCIAL, PROTEÇÃO DIFERENCIAL","ANSI 87 RELÉ DE PROTEÇÃO DIFERENCIAL, PROTEÇÃO DIFERENCIAL"
87A,DiscreteSignals,87 - DIFERENCIAL FASE A,"87 - DIFERENCIAL FASE A — ANSI 87 RELÉ DE PROTEÇÃO DIFERENCIAL, PROTEÇÃO DIFERENCIAL","ANSI 87 RELÉ DE PROTEÇÃO DIFERENCIAL, PROTEÇÃO DIFERENCIAL"
87B,DiscreteSignals,87 - DIFERENCIAL FASE B,"87 - DIFERENCIAL FASE B — ANSI 87 RELÉ DE PROTEÇÃO DIFERENCIAL, PROTEÇÃO DIFERENCIAL","ANSI 87 RELÉ DE PROTEÇÃO DIFERENCIAL, PROTEÇÃO DIFERENCIAL"
87C,DiscreteSignals,87 - DIFERENCIAL FASE C,"87 - DIFERENCIAL FASE C — ANSI 87 RELÉ DE PROTEÇÃO DIFERENCIAL, PROTEÇÃO DIFERENCIAL","ANSI 87 RELÉ DE PROTEÇÃO DIFERENCIAL, PROTEÇÃO DIFERENCIAL"
87_I,DiscreteSignals,87 - DIFERENCIAL INSTANTANEO,"87 - DIFERENCIAL INSTANTANEO — ANSI 87 RELÉ DE PROTEÇÃO DIFERENCIAL, PROTEÇÃO DIFERENCIAL","ANSI 87 RELÉ DE PROTEÇÃO DIFERENCIAL, PROTEÇÃO DIFERENCIAL"
87U,DiscreteSignals,87 - DIFERENCIAL NAO RESTRITO,"87 - DIFERENCIAL NAO RESTRITO — ANSI 87 RELÉ DE PROTEÇÃO DIFERENCIAL, PROTEÇÃO DIFERENCIAL","ANSI 87 RELÉ DE PROTEÇÃO DIFERENCIAL, PROTEÇÃO DIFERENCIAL"
87U1,DiscreteSignals,87 - DIFERENCIAL NAO RESTRITO E1,"87 - DIFERENCIAL NAO RESTRITO E1 — ANSI 87 RELÉ DE PROTEÇÃO DIFERENCIAL, PROTEÇÃO DIFERENCIAL","ANSI 87 RELÉ DE PROTEÇÃO DIFERENCIAL, PROTEÇÃO DIFERENCIAL"
87U2,DiscreteSignals,87 - DIFERENCIAL NAO RESTRITO E2,"87 - DIFERENCIAL NAO RESTRITO E2 — ANSI 87 RELÉ DE PROTEÇÃO DIFERENCIAL, PROTEÇÃO DIFERENCIAL","ANSI 87 RELÉ DE PROTEÇÃO DIFERENCIAL, PROTEÇÃO DIFERENCIAL"
87R,DiscreteSignals,87 - DIFERENCIAL RESTRITO,"87 - DIFERENCIAL RESTRITO — ANSI 87 RELÉ DE PROTEÇÃO DIFERENCIAL, PROTEÇÃO DIFERENCIAL","ANSI 87 RELÉ DE PROTEÇÃO DIFERENCIAL, PROTEÇÃO DIFERENCIAL"
87R1,DiscreteSignals,87 - DIFERENCIAL RESTRITO E1,"87 - DIFERENCIAL RESTRITO E1 — ANSI 87 RELÉ DE PROTEÇÃO DIFERENCIAL, PROTEÇÃO DIFERENCIAL","ANSI 87 RELÉ DE PROTEÇÃO DIFERENCIAL, PROTEÇÃO DIFERENCIAL"
87R2,DiscreteSignals,87 - DIFERENCIAL RESTRITO E2,"87 - DIFERENCIAL RESTRITO E2 — ANSI 87 RELÉ DE PROTEÇÃO DIFERENCIAL, PROTEÇÃO DIFERENCIAL","ANSI 87 RELÉ DE PROTEÇÃO DIFERENCIAL, PROTEÇÃO DIFERENCIAL"
87EF,DiscreteSignals,87 - DIFERENCIAL RESTRITO FALTA A TERRA,"87 - DIFERENCIAL RESTRITO FALTA A TERRA — ANSI 87 RELÉ DE PROTEÇÃO DIFERENCIAL, PROTEÇÃO DIFERENCIAL","ANSI 87 RELÉ DE PROTEÇÃO DIFERENCIAL, PROTEÇÃO DIFERENCIAL"
87RA,DiscreteSignals,87 - DIFERENCIAL RESTRITO FASE A,"87 - DIFERENCIAL RESTRITO FASE A — ANSI 87 RELÉ DE PROTEÇÃO DIFERENCIAL, PROTEÇÃO DIFERENCIAL","ANSI 87 RELÉ DE PROTEÇÃO DIFERENCIAL, PROTEÇÃO DIFERENCIAL"
87RB,DiscreteSignals,87 - DIFERENCIAL RESTRITO FASE B,"87 - DIFERENCIAL RESTRITO FASE B — ANSI 87 RELÉ DE PROTEÇÃO DIFERENCIAL, PROTEÇÃO DIFERENCIAL","ANSI 87 RELÉ DE PROTEÇÃO DIFERENCIAL, PROTEÇÃO DIFERENCIAL"
87RC,DiscreteSignals,87 - DIFERENCIAL RESTRITO FASE C,"87 - DIFERENCIAL RESTRITO FASE C — ANSI 87 RELÉ DE PROTEÇÃO DIFERENCIAL, PROTEÇÃO DIFERENCIAL","ANSI 87 RELÉ DE PROTEÇÃO DIFERENCIAL, PROTEÇÃO DIFERENCIAL"
87Q,DiscreteSignals,87 - DIFERENCIAL SEQUENCIA NEGATIVA,"87 - DIFERENCIAL SEQUENCIA NEGATIVA — ANSI 87 RELÉ DE PROTEÇÃO DIFERENCIAL, PROTEÇÃO DIFERENCIAL","ANSI 87 RELÉ DE PROTEÇÃO DIFERENCIAL, PROTEÇÃO DIFERENCIAL"
87Q1,DiscreteSignals,87 - DIFERENCIAL SEQUENCIA NEGATIVA E1,"87 - DIFERENCIAL SEQUENCIA NEGATIVA E1 — ANSI 87 RELÉ DE PROTEÇÃO DIFERENCIAL, PROTEÇÃO DIFERENCIAL","ANSI 87 RELÉ DE PROTEÇÃO DIFERENCIAL, PROTEÇÃO DIFERENCIAL"
87Q2,DiscreteSignals,87 - DIFERENCIAL SEQUENCIA NEGATIVA E2,"87 - DIFERENCIAL SEQUENCIA NEGATIVA E2 — ANSI 87 RELÉ DE PROTEÇÃO DIFERENCIAL, PROTEÇÃO DIFERENCIAL","ANSI 87 RELÉ DE PROTEÇÃO DIFERENCIAL, PROTEÇÃO DIFERENCIAL"
8751,DiscreteSignals,87 - DIFERENCIAL TEMPORIZADO,"87 - DIFERENCIAL TEMPORIZADO — ANSI 87 RELÉ DE PROTEÇÃO DIFERENCIAL, PROTEÇÃO DIFERENCIAL","ANSI 87 RELÉ DE PROTEÇÃO DIFERENCIAL, PROTEÇÃO DIFERENCIAL"
87TA,DiscreteSignals,87 - DIFERENCIAL TEMPORIZADO FASE A,"87 - DIFERENCIAL TEMPORIZADO FASE A — ANSI 87 RELÉ DE PROTEÇÃO DIFERENCIAL, PROTEÇÃO DIFERENCIAL","ANSI 87 RELÉ DE PROTEÇÃO DIFERENCIAL, PROTEÇÃO DIFERENCIAL"
87TB,DiscreteSignals,87 - DIFERENCIAL TEMPORIZADO FASE B,"87 - DIFERENCIAL TEMPORIZADO FASE B — ANSI 87 RELÉ DE PROTEÇÃO DIFERENCIAL, PROTEÇÃO DIFERENCIAL","ANSI 87 RELÉ DE PROTEÇÃO DIFERENCIAL, PROTEÇÃO DIFERENCIAL"
87TC,DiscreteSignals,87 - DIFERENCIAL TEMPORIZADO FASE C,"87 - DIFERENCIAL TEMPORIZADO FASE C — ANSI 87 RELÉ DE PROTEÇÃO DIFERENCIAL, PROTEÇÃO DIFERENCIAL","ANSI 87 RELÉ DE PROTEÇÃO DIFERENCIAL, PROTEÇÃO DIFERENCIAL"
87G,DiscreteSignals,87 - DIFERENCIAL TERRA,"87 - DIFERENCIAL TERRA — ANSI 87 RELÉ DE PROTEÇÃO DIFERENCIAL, PROTEÇÃO DIFERENCIAL","ANSI 87 RELÉ DE PROTEÇÃO DIFERENCIAL, PROTEÇÃO DIFERENCIAL"
87,DiscreteSignals,87 - FUNCAO DIFERENCIAL,"87 - FUNCAO DIFERENCIAL — ANSI 87 RELÉ DE PROTEÇÃO DIFERENCIAL, PROTEÇÃO DIFERENCIAL","ANSI 87 RELÉ DE PROTEÇÃO DIFERENCIAL, PROTEÇÃO DIFERENCIAL"
87,DiscreteSignals,87 - FUNCAO DIFERENCIAL,"87 - FUNCAO DIFERENCIAL — ANSI 87 RELÉ DE PROTEÇÃO DIFERENCIAL, PROTEÇÃO DIFERENCIAL","ANSI 87 RELÉ DE PROTEÇÃO DIFERENCIAL, PROTEÇÃO DIFERENCIAL"
87_T,DiscreteSignals,87 - TRIP DIFERENCIAL,"87 - TRIP DIFERENCIAL — ANSI 87 RELÉ DE PROTEÇÃO DIFERENCIAL, PROTEÇÃO DIFERENCIAL","ANSI 87 RELÉ DE PROTEÇÃO DIFERENCIAL, PROTEÇÃO DIFERENCIAL"
87TT,DiscreteSignals,87 - TRIP DIFERENCIAL TRIFASICO,"87 - TRIP DIFERENCIAL TRIFASICO — ANSI 87 RELÉ DE PROTEÇÃO DIFERENCIAL, PROTEÇÃO DIFERENCIAL","ANSI 87 RELÉ DE PROTEÇÃO DIFERENCIAL, PROTEÇÃO DIFERENCIAL"
87LT,DiscreteSignals,87 - TRIP DIFERENCIAL LINHA,"87 - TRIP DIFERENCIAL LINHA — ANSI 87 RELÉ DE PROTEÇÃO DIFERENCIAL, PROTEÇÃO DIFERENCIAL","ANSI 87 RELÉ DE PROTEÇÃO DIFERENCIAL, PROTEÇÃO DIFERENCIAL"
8750,DiscreteSignals,87 50 - FASE NEUTRO,87 50 - FASE NEUTRO — ANSI 87 RELÉ DE PROTEÇÃO DIFERENCIAL; ANSI 50 RELÉ DE SOBRECORRENTE INSTANTÂNEA,ANSI 87 RELÉ DE PROTEÇÃO DIFERENCIAL; ANSI 50 RELÉ DE SOBRECORRENTE INSTANTÂNEA
90I,DiscreteSignals,90 - BLOQUEIO SOBRECORRENTE RELE 90,90 - BLOQUEIO SOBRECORRENTE RELE 90  — ANSI 90 DISPOSITIVO REGULADOR (TENSÃO/POTÊNCIA/FREQUÊNCIA),ANSI 90 DISPOSITIVO REGULADOR (TENSÃO/POTÊNCIA/FREQUÊNCIA)
90V,DiscreteSignals,90 - BLOQUEIO TENSAO RELE 90,90 - BLOQUEIO TENSAO RELE 90 — ANSI 90 DISPOSITIVO REGULADOR (TENSÃO/POTÊNCIA/FREQUÊNCIA),ANSI 90 DISPOSITIVO REGULADOR (TENSÃO/POTÊNCIA/FREQUÊNCIA)
COMA,DiscreteSignals,90 - POSICAO COMANDADO,90 - POSICAO COMANDADO — ANSI 90 DISPOSITIVO REGULADOR (TENSÃO/POTÊNCIA/FREQUÊNCIA),ANSI 90 DISPOSITIVO REGULADOR (TENSÃO/POTÊNCIA/FREQUÊNCIA)
COMA,DiscreteSignals,90 - POSICAO COMANDADO,90 - POSICAO COMANDADO — ANSI 90 DISPOSITIVO REGULADOR (TENSÃO/POTÊNCIA/FREQUÊNCIA),ANSI 90 DISPOSITIVO REGULADOR (TENSÃO/POTÊNCIA/FREQUÊNCIA)
90DP,DiscreteSignals,90 - DISCREPANCIA DE TAP,90 - DISCREPANCIA DE TAP — ANSI 90 DISPOSITIVO REGULADOR (TENSÃO/POTÊNCIA/FREQUÊNCIA),ANSI 90 DISPOSITIVO REGULADOR (TENSÃO/POTÊNCIA/FREQUÊNCIA)
90FU,DiscreteSignals,90 - FALHA FUSIVEL,90 - FALHA FUSIVEL — ANSI 90 DISPOSITIVO REGULADOR (TENSÃO/POTÊNCIA/FREQUÊNCIA),ANSI 90 DISPOSITIVO REGULADOR (TENSÃO/POTÊNCIA/FREQUÊNCIA)
R90,DiscreteSignals,90 - FUNCAO REGULADOR,90 - FUNCAO REGULADOR — ANSI 90 DISPOSITIVO REGULADOR (TENSÃO/POTÊNCIA/FREQUÊNCIA),ANSI 90 DISPOSITIVO REGULADOR (TENSÃO/POTÊNCIA/FREQUÊNCIA)
TAL,DiscreteSignals,TAL - FUNCAO TRANSFERENCIA AUTOMATICA DE LINHA,"TAL - FUNCAO TRANSFERENCIA AUTOMATICA DE LINHA — TRANSFERÊNCIA AUTOMÁTICA DE LINHA, COMUTAÇÃO DE ALIMENTAÇÃO","TRANSFERÊNCIA AUTOMÁTICA DE LINHA, COMUTAÇÃO DE ALIMENTAÇÃO"
TPPM,DiscreteSignals,TPPM - FUNCAO TRANSFERENCIA COM PARALELISMO MOMENTANEO,TPPM - FUNCAO TRANSFERENCIA COM PARALELISMO MOMENTANEO — TRANSFERÊNCIA COM PARALELISMO MOMENTÂNEO,TRANSFERÊNCIA COM PARALELISMO MOMENTÂNEO
R90,DiscreteSignals,90 - FUNCAO REGULADOR,90 - FUNCAO REGULADOR — ANSI 90 DISPOSITIVO REGULADOR (TENSÃO/POTÊNCIA/FREQUÊNCIA),ANSI 90 DISPOSITIVO REGULADOR (TENSÃO/POTÊNCIA/FREQUÊNCIA)
INDI,DiscreteSignals,90 - POSICAO INDIVIDUAL,90 - POSICAO INDIVIDUAL — ANSI 90 DISPOSITIVO REGULADOR (TENSÃO/POTÊNCIA/FREQUÊNCIA),ANSI 90 DISPOSITIVO REGULADOR (TENSÃO/POTÊNCIA/FREQUÊNCIA)
INDI,DiscreteSignals,90 - POSICAO INDIVIDUAL,90 - POSICAO INDIVIDUAL — ANSI 90 DISPOSITIVO REGULADOR (TENSÃO/POTÊNCIA/FREQUÊNCIA),ANSI 90 DISPOSITIVO REGULADOR (TENSÃO/POTÊNCIA/FREQUÊNCIA)
MEST,DiscreteSignals,90 - POSICAO MESTRE,90 - POSICAO MESTRE — ANSI 90 DISPOSITIVO REGULADOR (TENSÃO/POTÊNCIA/FREQUÊNCIA),ANSI 90 DISPOSITIVO REGULADOR (TENSÃO/POTÊNCIA/FREQUÊNCIA)
MEST,DiscreteSignals,90 - POSICAO MESTRE,90 - POSICAO MESTRE — ANSI 90 DISPOSITIVO REGULADOR (TENSÃO/POTÊNCIA/FREQUÊNCIA),ANSI 90 DISPOSITIVO REGULADOR (TENSÃO/POTÊNCIA/FREQUÊNCIA)
94,DiscreteSignals,94 - RETRIP,94 - RETRIP — ANSI 94 RELÉ DE DISPARO OU DISPARO LIVRE (TRIP / TRIP-FREE),ANSI 94 RELÉ DE DISPARO OU DISPARO LIVRE (TRIP / TRIP-FREE)
ABBN,DiscreteSignals,ABERTURA PELA BOBINA DE NEUTRO,"ABERTURA PELA BOBINA DE NEUTRO — ABERTURA PELA BOBINA DE NEUTRO, COMANDO DE TRIP POR NEUTRO","ABERTURA PELA BOBINA DE NEUTRO, COMANDO DE TRIP POR NEUTRO"
81U1,DiscreteSignals,AJUSTE PARA 81 E1,AJUSTE PARA 81 E1 — AJUSTE/PARAMETRIZAÇÃO (SETTING) DA FUNÇÃO/ALIMENTADOR 81 E1,AJUSTE/PARAMETRIZAÇÃO (SETTING) DA FUNÇÃO/ALIMENTADOR 81 E1
81U2,DiscreteSignals,AJUSTE PARA 81 E2,AJUSTE PARA 81 E2 — AJUSTE/PARAMETRIZAÇÃO (SETTING) DA FUNÇÃO/ALIMENTADOR 81 E2,AJUSTE/PARAMETRIZAÇÃO (SETTING) DA FUNÇÃO/ALIMENTADOR 81 E2
81U3,DiscreteSignals,AJUSTE PARA 81 E3,AJUSTE PARA 81 E3 — AJUSTE/PARAMETRIZAÇÃO (SETTING) DA FUNÇÃO/ALIMENTADOR 81 E3,AJUSTE/PARAMETRIZAÇÃO (SETTING) DA FUNÇÃO/ALIMENTADOR 81 E3
81U4,DiscreteSignals,AJUSTE PARA 81 E4,AJUSTE PARA 81 E4 — AJUSTE/PARAMETRIZAÇÃO (SETTING) DA FUNÇÃO/ALIMENTADOR 81 E4,AJUSTE/PARAMETRIZAÇÃO (SETTING) DA FUNÇÃO/ALIMENTADOR 81 E4
81U5,DiscreteSignals,AJUSTE PARA 81 E5,AJUSTE PARA 81 E5 — AJUSTE/PARAMETRIZAÇÃO (SETTING) DA FUNÇÃO/ALIMENTADOR 81 E5,AJUSTE/PARAMETRIZAÇÃO (SETTING) DA FUNÇÃO/ALIMENTADOR 81 E5
AJ1,DiscreteSignals,AJUSTE PARA AL1,AJUSTE PARA AL1 — AJUSTE/PARAMETRIZAÇÃO (SETTING) DA FUNÇÃO/ALIMENTADOR AL1,AJUSTE/PARAMETRIZAÇÃO (SETTING) DA FUNÇÃO/ALIMENTADOR AL1
AJ12,DiscreteSignals,AJUSTE PARA AL12,AJUSTE PARA AL12 — AJUSTE/PARAMETRIZAÇÃO (SETTING) DA FUNÇÃO/ALIMENTADOR AL12,AJUSTE/PARAMETRIZAÇÃO (SETTING) DA FUNÇÃO/ALIMENTADOR AL12
AJ13,DiscreteSignals,AJUSTE PARA AL13,AJUSTE PARA AL13 — AJUSTE/PARAMETRIZAÇÃO (SETTING) DA FUNÇÃO/ALIMENTADOR AL13,AJUSTE/PARAMETRIZAÇÃO (SETTING) DA FUNÇÃO/ALIMENTADOR AL13
AJ14,DiscreteSignals,AJUSTE PARA AL14,AJUSTE PARA AL14 — AJUSTE/PARAMETRIZAÇÃO (SETTING) DA FUNÇÃO/ALIMENTADOR AL14,AJUSTE/PARAMETRIZAÇÃO (SETTING) DA FUNÇÃO/ALIMENTADOR AL14
AJ15,DiscreteSignals,AJUSTE PARA AL15,AJUSTE PARA AL15 — AJUSTE/PARAMETRIZAÇÃO (SETTING) DA FUNÇÃO/ALIMENTADOR AL15,AJUSTE/PARAMETRIZAÇÃO (SETTING) DA FUNÇÃO/ALIMENTADOR AL15
AJ16,DiscreteSignals,AJUSTE PARA AL16,AJUSTE PARA AL16 — AJUSTE/PARAMETRIZAÇÃO (SETTING) DA FUNÇÃO/ALIMENTADOR AL16,AJUSTE/PARAMETRIZAÇÃO (SETTING) DA FUNÇÃO/ALIMENTADOR AL16
AJ17,DiscreteSignals,AJUSTE PARA AL17,AJUSTE PARA AL17 — AJUSTE/PARAMETRIZAÇÃO (SETTING) DA FUNÇÃO/ALIMENTADOR AL17,AJUSTE/PARAMETRIZAÇÃO (SETTING) DA FUNÇÃO/ALIMENTADOR AL17
AJ18,DiscreteSignals,AJUSTE PARA AL18,AJUSTE PARA AL18 — AJUSTE/PARAMETRIZAÇÃO (SETTING) DA FUNÇÃO/ALIMENTADOR AL18,AJUSTE/PARAMETRIZAÇÃO (SETTING) DA FUNÇÃO/ALIMENTADOR AL18
AJ2,DiscreteSignals,AJUSTE PARA AL2,AJUSTE PARA AL2 — AJUSTE/PARAMETRIZAÇÃO (SETTING) DA FUNÇÃO/ALIMENTADOR AL2,AJUSTE/PARAMETRIZAÇÃO (SETTING) DA FUNÇÃO/ALIMENTADOR AL2
AJ21,DiscreteSignals,AJUSTE PARA AL21,AJUSTE PARA AL21 — AJUSTE/PARAMETRIZAÇÃO (SETTING) DA FUNÇÃO/ALIMENTADOR AL21,AJUSTE/PARAMETRIZAÇÃO (SETTING) DA FUNÇÃO/ALIMENTADOR AL21
AJ25,DiscreteSignals,AJUSTE PARA AL25,AJUSTE PARA AL25 — AJUSTE/PARAMETRIZAÇÃO (SETTING) DA FUNÇÃO/ALIMENTADOR AL25,AJUSTE/PARAMETRIZAÇÃO (SETTING) DA FUNÇÃO/ALIMENTADOR AL25
AJ26,DiscreteSignals,AJUSTE PARA AL26,AJUSTE PARA AL26 — AJUSTE/PARAMETRIZAÇÃO (SETTING) DA FUNÇÃO/ALIMENTADOR AL26,AJUSTE/PARAMETRIZAÇÃO (SETTING) DA FUNÇÃO/ALIMENTADOR AL26
AJ27,DiscreteSignals,AJUSTE PARA AL27,AJUSTE PARA AL27 — AJUSTE/PARAMETRIZAÇÃO (SETTING) DA FUNÇÃO/ALIMENTADOR AL27,AJUSTE/PARAMETRIZAÇÃO (SETTING) DA FUNÇÃO/ALIMENTADOR AL27
AJ28,DiscreteSignals,AJUSTE PARA AL28,AJUSTE PARA AL28 — AJUSTE/PARAMETRIZAÇÃO (SETTING) DA FUNÇÃO/ALIMENTADOR AL28,AJUSTE/PARAMETRIZAÇÃO (SETTING) DA FUNÇÃO/ALIMENTADOR AL28
AJ3,DiscreteSignals,AJUSTE PARA AL3,AJUSTE PARA AL3 — AJUSTE/PARAMETRIZAÇÃO (SETTING) DA FUNÇÃO/ALIMENTADOR AL3,AJUSTE/PARAMETRIZAÇÃO (SETTING) DA FUNÇÃO/ALIMENTADOR AL3
AJ31,DiscreteSignals,AJUSTE PARA AL31,AJUSTE PARA AL31 — AJUSTE/PARAMETRIZAÇÃO (SETTING) DA FUNÇÃO/ALIMENTADOR AL31,AJUSTE/PARAMETRIZAÇÃO (SETTING) DA FUNÇÃO/ALIMENTADOR AL31
AJ32,DiscreteSignals,AJUSTE PARA AL32,AJUSTE PARA AL32 — AJUSTE/PARAMETRIZAÇÃO (SETTING) DA FUNÇÃO/ALIMENTADOR AL32,AJUSTE/PARAMETRIZAÇÃO (SETTING) DA FUNÇÃO/ALIMENTADOR AL32
AJ33,DiscreteSignals,AJUSTE PARA AL33,AJUSTE PARA AL33 — AJUSTE/PARAMETRIZAÇÃO (SETTING) DA FUNÇÃO/ALIMENTADOR AL33,AJUSTE/PARAMETRIZAÇÃO (SETTING) DA FUNÇÃO/ALIMENTADOR AL33
AJ34,DiscreteSignals,AJUSTE PARA AL34,AJUSTE PARA AL34 — AJUSTE/PARAMETRIZAÇÃO (SETTING) DA FUNÇÃO/ALIMENTADOR AL34,AJUSTE/PARAMETRIZAÇÃO (SETTING) DA FUNÇÃO/ALIMENTADOR AL34
AJ4,DiscreteSignals,AJUSTE PARA AL4,AJUSTE PARA AL4 — AJUSTE/PARAMETRIZAÇÃO (SETTING) DA FUNÇÃO/ALIMENTADOR AL4,AJUSTE/PARAMETRIZAÇÃO (SETTING) DA FUNÇÃO/ALIMENTADOR AL4
AJ5,DiscreteSignals,AJUSTE PARA AL5,AJUSTE PARA AL5 — AJUSTE/PARAMETRIZAÇÃO (SETTING) DA FUNÇÃO/ALIMENTADOR AL5,AJUSTE/PARAMETRIZAÇÃO (SETTING) DA FUNÇÃO/ALIMENTADOR AL5
AJ6,DiscreteSignals,AJUSTE PARA AL6,AJUSTE PARA AL6 — AJUSTE/PARAMETRIZAÇÃO (SETTING) DA FUNÇÃO/ALIMENTADOR AL6,AJUSTE/PARAMETRIZAÇÃO (SETTING) DA FUNÇÃO/ALIMENTADOR AL6
AJ7,DiscreteSignals,AJUSTE PARA AL7,AJUSTE PARA AL7 — AJUSTE/PARAMETRIZAÇÃO (SETTING) DA FUNÇÃO/ALIMENTADOR AL7,AJUSTE/PARAMETRIZAÇÃO (SETTING) DA FUNÇÃO/ALIMENTADOR AL7
AJ8,DiscreteSignals,AJUSTE PARA AL8,AJUSTE PARA AL8 — AJUSTE/PARAMETRIZAÇÃO (SETTING) DA FUNÇÃO/ALIMENTADOR AL8,AJUSTE/PARAMETRIZAÇÃO (SETTING) DA FUNÇÃO/ALIMENTADOR AL8
AJG1,DiscreteSignals,AJUSTE PARA GRUPO 1,AJUSTE PARA GRUPO 1 — AJUSTE/PARAMETRIZAÇÃO (SETTING) DA FUNÇÃO/ALIMENTADOR GRUPO 1,AJUSTE/PARAMETRIZAÇÃO (SETTING) DA FUNÇÃO/ALIMENTADOR GRUPO 1
AJG1,DiscreteSignals,AJUSTE PARA GRUPO 1,AJUSTE PARA GRUPO 1 — AJUSTE/PARAMETRIZAÇÃO (SETTING) DA FUNÇÃO/ALIMENTADOR GRUPO 1,AJUSTE/PARAMETRIZAÇÃO (SETTING) DA FUNÇÃO/ALIMENTADOR GRUPO 1
AJG2,DiscreteSignals,AJUSTE PARA GRUPO 2,AJUSTE PARA GRUPO 2 — AJUSTE/PARAMETRIZAÇÃO (SETTING) DA FUNÇÃO/ALIMENTADOR GRUPO 2,AJUSTE/PARAMETRIZAÇÃO (SETTING) DA FUNÇÃO/ALIMENTADOR GRUPO 2
AJG2,DiscreteSignals,AJUSTE PARA GRUPO 2,AJUSTE PARA GRUPO 2 — AJUSTE/PARAMETRIZAÇÃO (SETTING) DA FUNÇÃO/ALIMENTADOR GRUPO 2,AJUSTE/PARAMETRIZAÇÃO (SETTING) DA FUNÇÃO/ALIMENTADOR GRUPO 2
AJG3,DiscreteSignals,AJUSTE PARA GRUPO 3,AJUSTE PARA GRUPO 3 — AJUSTE/PARAMETRIZAÇÃO (SETTING) DA FUNÇÃO/ALIMENTADOR GRUPO 3,AJUSTE/PARAMETRIZAÇÃO (SETTING) DA FUNÇÃO/ALIMENTADOR GRUPO 3
AJG3,DiscreteSignals,AJUSTE PARA GRUPO 3,AJUSTE PARA GRUPO 3 — AJUSTE/PARAMETRIZAÇÃO (SETTING) DA FUNÇÃO/ALIMENTADOR GRUPO 3,AJUSTE/PARAMETRIZAÇÃO (SETTING) DA FUNÇÃO/ALIMENTADOR GRUPO 3
AJG4,DiscreteSignals,AJUSTE PARA GRUPO 4,AJUSTE PARA GRUPO 4 — AJUSTE/PARAMETRIZAÇÃO (SETTING) DA FUNÇÃO/ALIMENTADOR GRUPO 4,AJUSTE/PARAMETRIZAÇÃO (SETTING) DA FUNÇÃO/ALIMENTADOR GRUPO 4
AJG4,DiscreteSignals,AJUSTE PARA GRUPO 4,AJUSTE PARA GRUPO 4 — AJUSTE/PARAMETRIZAÇÃO (SETTING) DA FUNÇÃO/ALIMENTADOR GRUPO 4,AJUSTE/PARAMETRIZAÇÃO (SETTING) DA FUNÇÃO/ALIMENTADOR GRUPO 4
AJG5,DiscreteSignals,AJUSTE PARA GRUPO 5,AJUSTE PARA GRUPO 5 — AJUSTE/PARAMETRIZAÇÃO (SETTING) DA FUNÇÃO/ALIMENTADOR GRUPO 5,AJUSTE/PARAMETRIZAÇÃO (SETTING) DA FUNÇÃO/ALIMENTADOR GRUPO 5
AJG5,DiscreteSignals,AJUSTE PARA GRUPO 5,AJUSTE PARA GRUPO 5 — AJUSTE/PARAMETRIZAÇÃO (SETTING) DA FUNÇÃO/ALIMENTADOR GRUPO 5,AJUSTE/PARAMETRIZAÇÃO (SETTING) DA FUNÇÃO/ALIMENTADOR GRUPO 5
AJG6,DiscreteSignals,AJUSTE PARA GRUPO 6,AJUSTE PARA GRUPO 6 — AJUSTE/PARAMETRIZAÇÃO (SETTING) DA FUNÇÃO/ALIMENTADOR GRUPO 6,AJUSTE/PARAMETRIZAÇÃO (SETTING) DA FUNÇÃO/ALIMENTADOR GRUPO 6
AJG6,DiscreteSignals,AJUSTE PARA GRUPO 6,AJUSTE PARA GRUPO 6 — AJUSTE/PARAMETRIZAÇÃO (SETTING) DA FUNÇÃO/ALIMENTADOR GRUPO 6,AJUSTE/PARAMETRIZAÇÃO (SETTING) DA FUNÇÃO/ALIMENTADOR GRUPO 6
AJNM,DiscreteSignals,AJUSTE PARA GRUPO NORMAL,AJUSTE PARA GRUPO NORMAL — AJUSTE/PARAMETRIZAÇÃO (SETTING) DA FUNÇÃO/ALIMENTADOR GRUPO NORMAL,AJUSTE/PARAMETRIZAÇÃO (SETTING) DA FUNÇÃO/ALIMENTADOR GRUPO NORMAL
85,DiscreteSignals,85 - TRIP TELEPROTECAO,85 - TRIP TELEPROTECAO — ANSI 85 RELÉ DE TELEPROTEÇÃO (CARRIER / FIO PILOTO),ANSI 85 RELÉ DE TELEPROTEÇÃO (CARRIER / FIO PILOTO)
DJA1,DiscreteSignals,DISJUNTOR NA,DISJUNTOR NA — DISJUNTOR NORMALMENTE ABERTO (CONTATO NA),DISJUNTOR NORMALMENTE ABERTO (CONTATO NA)
DJA1,DiscreteSignals,DISJUNTOR NA,DISJUNTOR NA — DISJUNTOR NORMALMENTE ABERTO (CONTATO NA),DISJUNTOR NORMALMENTE ABERTO (CONTATO NA)
GRPO,DiscreteSignals,GRUPO DE AJUSTE RELIGADOR,"GRUPO DE AJUSTE RELIGADOR — GRUPO DE AJUSTE DO RELIGADOR, TROCA DE PARAMETRIZAÇÃO","GRUPO DE AJUSTE DO RELIGADOR, TROCA DE PARAMETRIZAÇÃO"
AJGP,DiscreteSignals,GRUPOS DE AJUSTE,GRUPOS DE AJUSTE — GRUPOS DE AJUSTE DE DISJUNTORES DE SUBTRANSMISSÃO,GRUPOS DE AJUSTE DE DISJUNTORES DE SUBTRANSMISSÃO
HLT,DiscreteSignals,HOT LINE TAG,"HOT LINE TAG — HOT LINE TAG, BLOQUEIO DE RELIGAMENTO AUTOMÁTICO E MANUAL PARA TRABALHO EM LINHA VIVA","HOT LINE TAG, BLOQUEIO DE RELIGAMENTO AUTOMÁTICO E MANUAL PARA TRABALHO EM LINHA VIVA"
HLT,DiscreteSignals,HOT LINE TAG,"HOT LINE TAG — HOT LINE TAG, BLOQUEIO DE RELIGAMENTO AUTOMÁTICO E MANUAL PARA TRABALHO EM LINHA VIVA","HOT LINE TAG, BLOQUEIO DE RELIGAMENTO AUTOMÁTICO E MANUAL PARA TRABALHO EM LINHA VIVA"
ITFA,DiscreteSignals,INTERTRIP FASE A,"INTERTRIP FASE A — INTERTRIP FASE A, DISPARO REMOTO RECEBIDO DE TELEPROTEÇÃO","INTERTRIP FASE A, DISPARO REMOTO RECEBIDO DE TELEPROTEÇÃO"
ITFB,DiscreteSignals,INTERTRIP FASE B,"INTERTRIP FASE B — INTERTRIP FASE B, DISPARO REMOTO RECEBIDO DE TELEPROTEÇÃO","INTERTRIP FASE B, DISPARO REMOTO RECEBIDO DE TELEPROTEÇÃO"
ITFC,DiscreteSignals,INTERTRIP FASE C,"INTERTRIP FASE C — INTERTRIP FASE C, DISPARO REMOTO RECEBIDO DE TELEPROTEÇÃO","INTERTRIP FASE C, DISPARO REMOTO RECEBIDO DE TELEPROTEÇÃO"
ITGE,DiscreteSignals,INTERTRIP GERAL,"INTERTRIP GERAL — INTERTRIP GERAL, DISPARO REMOTO RECEBIDO DE TELEPROTEÇÃO","INTERTRIP GERAL, DISPARO REMOTO RECEBIDO DE TELEPROTEÇÃO"
PBEX,DiscreteSignals,FUNCAO PROTECAO DE BARRA,"FUNCAO PROTECAO DE BARRA — FUNÇÃO PROTEÇÃO DE BARRA, FUNÇÃO TIPO 50 DA BARRA","FUNÇÃO PROTEÇÃO DE BARRA, FUNÇÃO TIPO 50 DA BARRA"
PB,DiscreteSignals,PROTECAO DE BARRA,"PROTECAO DE BARRA — PROTEÇÃO DE BARRA, FUNÇÃO TIPO 50 DA BARRA, TEMPO PRÉ-DETERMINADO PARA SELETIVIDADE","PROTEÇÃO DE BARRA, FUNÇÃO TIPO 50 DA BARRA, TEMPO PRÉ-DETERMINADO PARA SELETIVIDADE"
PBF,DiscreteSignals,PROTECAO DE BARRA FASE,"PROTECAO DE BARRA FASE — PROTEÇÃO DE BARRA FASE, FUNÇÃO TIPO 50 DA BARRA","PROTEÇÃO DE BARRA FASE, FUNÇÃO TIPO 50 DA BARRA"
PBF1,DiscreteSignals,PROTECAO DE BARRA FASE E1,"PROTECAO DE BARRA FASE E1 — PROTEÇÃO DE BARRA FASE, FUNÇÃO TIPO 50 DA BARRA, ENROLAMENTO 1","PROTEÇÃO DE BARRA FASE, FUNÇÃO TIPO 50 DA BARRA, ENROLAMENTO 1"
PBF2,DiscreteSignals,PROTECAO DE BARRA FASE E2,"PROTECAO DE BARRA FASE E2 — PROTEÇÃO DE BARRA FASE, FUNÇÃO TIPO 50 DA BARRA, ENROLAMENTO 2","PROTEÇÃO DE BARRA FASE, FUNÇÃO TIPO 50 DA BARRA, ENROLAMENTO 2"
PBN,DiscreteSignals,PROTECAO DE BARRA NEUTRO,"PROTECAO DE BARRA NEUTRO — PROTEÇÃO DE BARRA NEUTRO, FUNÇÃO TIPO 50N DA BARRA","PROTEÇÃO DE BARRA NEUTRO, FUNÇÃO TIPO 50N DA BARRA"
PBN1,DiscreteSignals,PROTECAO DE BARRA NEUTRO 1,"PROTECAO DE BARRA NEUTRO 1 — PROTEÇÃO DE BARRA NEUTRO, FUNÇÃO TIPO 50N DA BARRA, ENROLAMENTO 1","PROTEÇÃO DE BARRA NEUTRO, FUNÇÃO TIPO 50N DA BARRA, ENROLAMENTO 1"
PBN2,DiscreteSignals,PROTECAO DE BARRA NEUTRO 2,"PROTECAO DE BARRA NEUTRO 2 — PROTEÇÃO DE BARRA NEUTRO, FUNÇÃO TIPO 50N DA BARRA, ENROLAMENTO 2","PROTEÇÃO DE BARRA NEUTRO, FUNÇÃO TIPO 50N DA BARRA, ENROLAMENTO 2"
PB1,DiscreteSignals,PROTECAO DE BARRA P1,"PROTECAO DE BARRA P1 — PROTEÇÃO DE BARRA, FUNÇÃO TIPO 50 DA BARRA, ENROLAMENTO 1","PROTEÇÃO DE BARRA, FUNÇÃO TIPO 50 DA BARRA, ENROLAMENTO 1"
PB2,DiscreteSignals,PROTECAO DE BARRA P2,"PROTECAO DE BARRA P2 — PROTEÇÃO DE BARRA, FUNÇÃO TIPO 50 DA BARRA, ENROLAMENTO 2","PROTEÇÃO DE BARRA, FUNÇÃO TIPO 50 DA BARRA, ENROLAMENTO 2"
DTT,DiscreteSignals,TRANSFERENCIA DE TRIP,"TRANSFERENCIA DE TRIP — DIRECT TRANSFER TRIP, TRANSFERÊNCIA DIRETA DE DISPARO POR TELEPROTEÇÃO","DIRECT TRANSFER TRIP, TRANSFERÊNCIA DIRETA DE DISPARO POR TELEPROTEÇÃO"
DTTT,DiscreteSignals,TRANSFERENCIA DE TRIP TRIFASICO,"TRANSFERENCIA DE TRIP TRIFASICO — DIRECT TRANSFER TRIP TRIFÁSICO, TRANSFERÊNCIA DIRETA DE DISPARO POR TELEPROTEÇÃO","DIRECT TRANSFER TRIP TRIFÁSICO, TRANSFERÊNCIA DIRETA DE DISPARO POR TELEPROTEÇÃO"
SOTF,DiscreteSignals,TRIP FECHAMENTO SOB FALTA,"TRIP FECHAMENTO SOB FALTA — SWITCH ONTO FAULT, FECHAMENTO SOB FALTA","SWITCH ONTO FAULT, FECHAMENTO SOB FALTA"
POTT,DiscreteSignals,TRIP POR TELEPROTECAO,"TRIP POR TELEPROTECAO — PERMISSIVE OVERREACH TRANSFER TRIP, ESQUEMA DE TELEPROTEÇÃO POR SOBREALCANCE PERMISSIVO","PERMISSIVE OVERREACH TRANSFER TRIP, ESQUEMA DE TELEPROTEÇÃO POR SOBREALCANCE PERMISSIVO"
IN61,AnalogSignals,61 - CORRENTE DE DESEQUILIBRO,61 - CORRENTE DE DESEQUILIBRO  — ANSI 61,ANSI 61
ANG,AnalogSignals,ANGULO,"ANGULO — MEDIÇÃO FASE, GRAUS","MEDIÇÃO FASE, GRAUS"
IOUT,AnalogSignals,CORRENTE CARGA,"CORRENTE CARGA — MEDIÇÃO AMPERAGEM, A","MEDIÇÃO AMPERAGEM, A"
IACC,AnalogSignals,CORRENTE CURTO CIRCUITO FASE A,"CORRENTE CURTO CIRCUITO FASE A — MEDIÇÃO AMPERAGEM, A","MEDIÇÃO AMPERAGEM, A"
IBCC,AnalogSignals,CORRENTE CURTO CIRCUITO FASE B,"CORRENTE CURTO CIRCUITO FASE B — MEDIÇÃO AMPERAGEM, A","MEDIÇÃO AMPERAGEM, A"
ICCC,AnalogSignals,CORRENTE CURTO CIRCUITO FASE C,"CORRENTE CURTO CIRCUITO FASE C — MEDIÇÃO AMPERAGEM, A","MEDIÇÃO AMPERAGEM, A"
INCC,AnalogSignals,CORRENTE CURTO CIRCUITO NEUTRO,"CORRENTE CURTO CIRCUITO NEUTRO — MEDIÇÃO AMPERAGEM, A","MEDIÇÃO AMPERAGEM, A"
IA,AnalogSignals,CORRENTE FASE A,"CORRENTE FASE A — MEDIÇÃO AMPERAGEM, A","MEDIÇÃO AMPERAGEM, A"
IB,AnalogSignals,CORRENTE FASE B,"CORRENTE FASE B — MEDIÇÃO AMPERAGEM, A","MEDIÇÃO AMPERAGEM, A"
IC,AnalogSignals,CORRENTE FASE C,"CORRENTE FASE C — MEDIÇÃO AMPERAGEM, A","MEDIÇÃO AMPERAGEM, A"
IN,AnalogSignals,CORRENTE NEUTRO,"CORRENTE NEUTRO — MEDIÇÃO AMPERAGEM, A","MEDIÇÃO AMPERAGEM, A"
FREQ,AnalogSignals,FREQUENCIA,"FREQUENCIA — MEDIÇÃO FREQUÊNCIA, HZ","MEDIÇÃO FREQUÊNCIA, HZ"
S,AnalogSignals,POTENCIA APARENTE,POTENCIA APARENTE — MEDIÇÃO POTÊNCIA,MEDIÇÃO POTÊNCIA
P,AnalogSignals,POTENCIA ATIVA,POTENCIA ATIVA — MEDIÇÃO POTÊNCIA,MEDIÇÃO POTÊNCIA
Q,AnalogSignals,POTENCIA REATIVA,POTENCIA REATIVA — MEDIÇÃO POTÊNCIA,MEDIÇÃO POTÊNCIA
TPAM,AnalogSignals,TEMPERATURA AMBIENTE,"TEMPERATURA AMBIENTE — MEDIÇÃO TÉRMICO, °C","MEDIÇÃO TÉRMICO, °C"
TPBT,AnalogSignals,TEMPERATURA BATERIAS,"TEMPERATURA BATERIAS — MEDIÇÃO TÉRMICO, °C","MEDIÇÃO TÉRMICO, °C"
TENR,AnalogSignals,TEMPERATURA ENROLAMENTO,"TEMPERATURA ENROLAMENTO — MEDIÇÃO TÉRMICO, °C","MEDIÇÃO TÉRMICO, °C"
TSCO,AnalogSignals,TEMPERATURA SALA DE COMANDO,"TEMPERATURA SALA DE COMANDO — MEDIÇÃO TÉRMICO, °C","MEDIÇÃO TÉRMICO, °C"
TOLE,AnalogSignals,TEMPERATURA OLEO,"TEMPERATURA OLEO — MEDIÇÃO TÉRMICO, °C","MEDIÇÃO TÉRMICO, °C"
TOL2,AnalogSignals,TEMPERATURA OLEO 2,"TEMPERATURA OLEO 2 — MEDIÇÃO TÉRMICO, °C","MEDIÇÃO TÉRMICO, °C"
V,AnalogSignals,TENSAO,"TENSAO — MEDIÇÃO VOLTAGEM, V","MEDIÇÃO VOLTAGEM, V"
V,AnalogSignals,TENSAO,"TENSAO — MEDIÇÃO VOLTAGEM, V","MEDIÇÃO VOLTAGEM, V"
VA_B,AnalogSignals,TENSAO BARRA FASE A,"TENSAO BARRA FASE A — MEDIÇÃO VOLTAGEM, V","MEDIÇÃO VOLTAGEM, V"
VB_B,AnalogSignals,TENSAO BARRA FASE B,"TENSAO BARRA FASE B — MEDIÇÃO VOLTAGEM, V","MEDIÇÃO VOLTAGEM, V"
VC_B,AnalogSignals,TENSAO BARRA FASE C,"TENSAO BARRA FASE C — MEDIÇÃO VOLTAGEM, V","MEDIÇÃO VOLTAGEM, V"
VBAT,AnalogSignals,TENSAO BATERIAS,"TENSAO BATERIAS — MEDIÇÃO VOLTAGEM, V","MEDIÇÃO VOLTAGEM, V"
VCC,AnalogSignals,TENSAO CORRENTE CONTINUA,"TENSAO CORRENTE CONTINUA — MEDIÇÃO VOLTAGEM, V","MEDIÇÃO VOLTAGEM, V"
VCC1,AnalogSignals,TENSAO CORRENTE CONTINUA 1,"TENSAO CORRENTE CONTINUA 1 — MEDIÇÃO VOLTAGEM, V","MEDIÇÃO VOLTAGEM, V"
VCC2,AnalogSignals,TENSAO CORRENTE CONTINUA 2,"TENSAO CORRENTE CONTINUA 2 — MEDIÇÃO VOLTAGEM, V","MEDIÇÃO VOLTAGEM, V"
VIN,AnalogSignals,TENSAO DE ENTRADA,"TENSAO DE ENTRADA — MEDIÇÃO VOLTAGEM, V","MEDIÇÃO VOLTAGEM, V"
VABI,AnalogSignals,TENSAO FASE AB - LADO FONTE,"TENSAO FASE AB - LADO FONTE — MEDIÇÃO VOLTAGEM, V","MEDIÇÃO VOLTAGEM, V"
VBCI,AnalogSignals,TENSAO FASE BC - LADO FONTE,"TENSAO FASE BC - LADO FONTE — MEDIÇÃO VOLTAGEM, V","MEDIÇÃO VOLTAGEM, V"
VCAI,AnalogSignals,TENSAO FASE CA - LADO FONTE,"TENSAO FASE CA - LADO FONTE — MEDIÇÃO VOLTAGEM, V","MEDIÇÃO VOLTAGEM, V"
VREF,AnalogSignals,TENSAO DE REFERENCIA,"TENSAO DE REFERENCIA — MEDIÇÃO VOLTAGEM, V","MEDIÇÃO VOLTAGEM, V"
VOUT,AnalogSignals,TENSAO DE SAIDA,"TENSAO DE SAIDA — MEDIÇÃO VOLTAGEM, V","MEDIÇÃO VOLTAGEM, V"
VA,AnalogSignals,TENSAO FASE A,"TENSAO FASE A — MEDIÇÃO VOLTAGEM, V","MEDIÇÃO VOLTAGEM, V"
VA,AnalogSignals,TENSAO FASE A,"TENSAO FASE A — MEDIÇÃO VOLTAGEM, V","MEDIÇÃO VOLTAGEM, V"
VB,AnalogSignals,TENSAO FASE B,"TENSAO FASE B — MEDIÇÃO VOLTAGEM, V","MEDIÇÃO VOLTAGEM, V"
VB,AnalogSignals,TENSAO FASE B,"TENSAO FASE B — MEDIÇÃO VOLTAGEM, V","MEDIÇÃO VOLTAGEM, V"
VC,AnalogSignals,TENSAO FASE C,"TENSAO FASE C — MEDIÇÃO VOLTAGEM, V","MEDIÇÃO VOLTAGEM, V"
VC,AnalogSignals,TENSAO FASE C,"TENSAO FASE C — MEDIÇÃO VOLTAGEM, V","MEDIÇÃO VOLTAGEM, V"
VAB,AnalogSignals,TENSAO FASE AB,"TENSAO FASE AB — MEDIÇÃO VOLTAGEM, V","MEDIÇÃO VOLTAGEM, V"
VAB,AnalogSignals,TENSAO FASE AB,"TENSAO FASE AB — MEDIÇÃO VOLTAGEM, V","MEDIÇÃO VOLTAGEM, V"
VBC,AnalogSignals,TENSAO FASE BC,"TENSAO FASE BC — MEDIÇÃO VOLTAGEM, V","MEDIÇÃO VOLTAGEM, V"
VBC,AnalogSignals,TENSAO FASE BC,"TENSAO FASE BC — MEDIÇÃO VOLTAGEM, V","MEDIÇÃO VOLTAGEM, V"
VCA,AnalogSignals,TENSAO FASE CA,"TENSAO FASE CA — MEDIÇÃO VOLTAGEM, V","MEDIÇÃO VOLTAGEM, V"
VCA,AnalogSignals,TENSAO FASE CA,"TENSAO FASE CA — MEDIÇÃO VOLTAGEM, V","MEDIÇÃO VOLTAGEM, V"
VA_L,AnalogSignals,TENSAO LINHA FASE A,"TENSAO LINHA FASE A — MEDIÇÃO VOLTAGEM, V","MEDIÇÃO VOLTAGEM, V"
VB_L,AnalogSignals,TENSAO LINHA FASE B,"TENSAO LINHA FASE B — MEDIÇÃO VOLTAGEM, V","MEDIÇÃO VOLTAGEM, V"
VC_L,AnalogSignals,TENSAO LINHA FASE C,"TENSAO LINHA FASE C — MEDIÇÃO VOLTAGEM, V","MEDIÇÃO VOLTAGEM, V"
ADIF,AnalogSignals,25 - DIFERENCA ANGULO,25 - DIFERENCA ANGULO — ANSI 25 RELÉ DE SINCRONISMO OU VERIFICAÇÃO DE SINCRONISMO,ANSI 25 RELÉ DE SINCRONISMO OU VERIFICAÇÃO DE SINCRONISMO
VDIF,AnalogSignals,25 - DIFERENCA TENSAO,25 - DIFERENCA TENSAO — ANSI 25 RELÉ DE SINCRONISMO OU VERIFICAÇÃO DE SINCRONISMO,ANSI 25 RELÉ DE SINCRONISMO OU VERIFICAÇÃO DE SINCRONISMO
FDIF,AnalogSignals,25 - DIFERENCA FREQUENCIA,25 - DIFERENCA FREQUENCIA — ANSI 25 RELÉ DE SINCRONISMO OU VERIFICAÇÃO DE SINCRONISMO,ANSI 25 RELÉ DE SINCRONISMO OU VERIFICAÇÃO DE SINCRONISMO
VABX,AnalogSignals,TENSAO FASE AB - LADO CARGA,"TENSAO FASE AB - LADO CARGA — MEDIÇÃO VOLTAGEM, V","MEDIÇÃO VOLTAGEM, V"
VBCX,AnalogSignals,TENSAO FASE BC - LADO CARGA,"TENSAO FASE BC - LADO CARGA — MEDIÇÃO VOLTAGEM, V","MEDIÇÃO VOLTAGEM, V"
VCAX,AnalogSignals,TENSAO FASE CA - LADO CARGA,"TENSAO FASE CA - LADO CARGA — MEDIÇÃO VOLTAGEM, V","MEDIÇÃO VOLTAGEM, V"
